stage1 mode: baseline
repo: /root/adSwarm
commit: 5a88a98
started: Sun May 17 10:55:23 UTC 2026
== repo: /root/adSwarm  branch: stirling-drone ==
Build cuda_12.8.r12.8/compiler.35583870_0
NVIDIA GeForce RTX 4090, 24564 MiB
torch CUDA OK: NVIDIA GeForce RTX 4090
linked libnvidia-ml.so -> /lib/x86_64-linux-gnu/libnvidia-ml.so.1
Hit:1 http://security.ubuntu.com/ubuntu jammy-security InRelease
Hit:2 http://archive.ubuntu.com/ubuntu jammy InRelease
Hit:3 http://archive.ubuntu.com/ubuntu jammy-updates InRelease
Hit:4 http://archive.ubuntu.com/ubuntu jammy-backports InRelease
Hit:5 https://ppa.launchpadcontent.net/deadsnakes/ppa/ubuntu jammy InRelease
Hit:6 https://developer.download.nvidia.com/compute/cuda/repos/ubuntu2204/x86_64  InRelease
Reading package lists...
Reading package lists...
Building dependency tree...
Reading state information...
ccache is already the newest version (4.5.1-1).
clang is already the newest version (1:14.0-55~exp2).
libomp-dev is already the newest version (1:14.0-55~exp2).
0 upgraded, 0 newly installed, 0 to remove and 133 not upgraded.
Requirement already satisfied: pip in /usr/local/lib/python3.11/dist-packages (26.1.1)
Requirement already satisfied: wheel in /usr/local/lib/python3.11/dist-packages (0.47.0)
Requirement already satisfied: packaging>=24.0 in /usr/local/lib/python3.11/dist-packages (from wheel) (24.2)
WARNING: Running pip as the 'root' user can result in broken permissions and conflicting behaviour with the system package manager, possibly rendering your system unusable. It is recommended to use a virtual environment instead: https://pip.pypa.io/warnings/venv. Use the --root-user-action option if you know what you are doing and want to suppress this warning.
Requirement already satisfied: numpy in /usr/local/lib/python3.11/dist-packages (2.1.2)
Requirement already satisfied: rich in /usr/local/lib/python3.11/dist-packages (15.0.0)
Requirement already satisfied: rich_argparse in /usr/local/lib/python3.11/dist-packages (1.8.0)
Requirement already satisfied: gpytorch in /usr/local/lib/python3.11/dist-packages (1.15.2)
Requirement already satisfied: scikit-learn in /usr/local/lib/python3.11/dist-packages (1.8.0)
Requirement already satisfied: wandb in /usr/local/lib/python3.11/dist-packages (0.27.0)
Requirement already satisfied: pybind11 in /usr/local/lib/python3.11/dist-packages (3.0.4)
Requirement already satisfied: markdown-it-py>=2.2.0 in /usr/local/lib/python3.11/dist-packages (from rich) (4.2.0)
Requirement already satisfied: pygments<3.0.0,>=2.13.0 in /usr/local/lib/python3.11/dist-packages (from rich) (2.19.1)
Requirement already satisfied: mpmath<=1.3,>=0.19 in /usr/local/lib/python3.11/dist-packages (from gpytorch) (1.3.0)
Requirement already satisfied: scipy>=1.6.0 in /usr/local/lib/python3.11/dist-packages (from gpytorch) (1.17.1)
Requirement already satisfied: linear_operator>=0.6.1 in /usr/local/lib/python3.11/dist-packages (from gpytorch) (0.6.1)
Requirement already satisfied: joblib>=1.3.0 in /usr/local/lib/python3.11/dist-packages (from scikit-learn) (1.5.3)
Requirement already satisfied: threadpoolctl>=3.2.0 in /usr/local/lib/python3.11/dist-packages (from scikit-learn) (3.6.0)
Requirement already satisfied: click>=8.2.0 in /usr/local/lib/python3.11/dist-packages (from wandb) (8.4.0)
Requirement already satisfied: gitpython!=3.1.29,>=1.0.0 in /usr/local/lib/python3.11/dist-packages (from wandb) (3.1.50)
Requirement already satisfied: packaging in /usr/local/lib/python3.11/dist-packages (from wandb) (24.2)
Requirement already satisfied: platformdirs in /usr/local/lib/python3.11/dist-packages (from wandb) (4.3.7)
Requirement already satisfied: protobuf!=5.28.0,!=5.29.0,<8,>4.21.0 in /usr/local/lib/python3.11/dist-packages (from wandb) (7.34.1)
Requirement already satisfied: pydantic<3,>=2.6 in /usr/local/lib/python3.11/dist-packages (from wandb) (2.13.4)
Requirement already satisfied: pyyaml in /usr/local/lib/python3.11/dist-packages (from wandb) (6.0.2)
Requirement already satisfied: requests<3,>=2.0.0 in /usr/local/lib/python3.11/dist-packages (from wandb) (2.32.3)
Requirement already satisfied: sentry-sdk>=2.0.0 in /usr/local/lib/python3.11/dist-packages (from wandb) (2.60.0)
Requirement already satisfied: typing-extensions<5,>=4.8 in /usr/local/lib/python3.11/dist-packages (from wandb) (4.15.0)
Requirement already satisfied: annotated-types>=0.6.0 in /usr/local/lib/python3.11/dist-packages (from pydantic<3,>=2.6->wandb) (0.7.0)
Requirement already satisfied: pydantic-core==2.46.4 in /usr/local/lib/python3.11/dist-packages (from pydantic<3,>=2.6->wandb) (2.46.4)
Requirement already satisfied: typing-inspection>=0.4.2 in /usr/local/lib/python3.11/dist-packages (from pydantic<3,>=2.6->wandb) (0.4.2)
Requirement already satisfied: charset-normalizer<4,>=2 in /usr/local/lib/python3.11/dist-packages (from requests<3,>=2.0.0->wandb) (3.4.1)
Requirement already satisfied: idna<4,>=2.5 in /usr/local/lib/python3.11/dist-packages (from requests<3,>=2.0.0->wandb) (3.10)
Requirement already satisfied: urllib3<3,>=1.21.1 in /usr/local/lib/python3.11/dist-packages (from requests<3,>=2.0.0->wandb) (2.3.0)
Requirement already satisfied: certifi>=2017.4.17 in /usr/local/lib/python3.11/dist-packages (from requests<3,>=2.0.0->wandb) (2025.1.31)
Requirement already satisfied: gitdb<5,>=4.0.1 in /usr/local/lib/python3.11/dist-packages (from gitpython!=3.1.29,>=1.0.0->wandb) (4.0.12)
Requirement already satisfied: smmap<6,>=3.0.1 in /usr/local/lib/python3.11/dist-packages (from gitdb<5,>=4.0.1->gitpython!=3.1.29,>=1.0.0->wandb) (5.0.3)
Requirement already satisfied: torch>=2.0 in /usr/local/lib/python3.11/dist-packages (from linear_operator>=0.6.1->gpytorch) (2.8.0.dev20250319+cu128)
Requirement already satisfied: mdurl~=0.1 in /usr/local/lib/python3.11/dist-packages (from markdown-it-py>=2.2.0->rich) (0.1.2)
Requirement already satisfied: filelock in /usr/local/lib/python3.11/dist-packages (from torch>=2.0->linear_operator>=0.6.1->gpytorch) (3.16.1)
Requirement already satisfied: sympy>=1.13.3 in /usr/local/lib/python3.11/dist-packages (from torch>=2.0->linear_operator>=0.6.1->gpytorch) (1.13.3)
Requirement already satisfied: networkx in /usr/local/lib/python3.11/dist-packages (from torch>=2.0->linear_operator>=0.6.1->gpytorch) (3.4.2)
Requirement already satisfied: jinja2 in /usr/local/lib/python3.11/dist-packages (from torch>=2.0->linear_operator>=0.6.1->gpytorch) (3.1.4)
Requirement already satisfied: fsspec in /usr/local/lib/python3.11/dist-packages (from torch>=2.0->linear_operator>=0.6.1->gpytorch) (2024.10.0)
Requirement already satisfied: nvidia-cuda-nvrtc-cu12==12.8.61 in /usr/local/lib/python3.11/dist-packages (from torch>=2.0->linear_operator>=0.6.1->gpytorch) (12.8.61)
Requirement already satisfied: nvidia-cuda-runtime-cu12==12.8.57 in /usr/local/lib/python3.11/dist-packages (from torch>=2.0->linear_operator>=0.6.1->gpytorch) (12.8.57)
Requirement already satisfied: nvidia-cuda-cupti-cu12==12.8.57 in /usr/local/lib/python3.11/dist-packages (from torch>=2.0->linear_operator>=0.6.1->gpytorch) (12.8.57)
Requirement already satisfied: nvidia-cudnn-cu12==9.8.0.87 in /usr/local/lib/python3.11/dist-packages (from torch>=2.0->linear_operator>=0.6.1->gpytorch) (9.8.0.87)
Requirement already satisfied: nvidia-cublas-cu12==12.8.3.14 in /usr/local/lib/python3.11/dist-packages (from torch>=2.0->linear_operator>=0.6.1->gpytorch) (12.8.3.14)
Requirement already satisfied: nvidia-cufft-cu12==11.3.3.41 in /usr/local/lib/python3.11/dist-packages (from torch>=2.0->linear_operator>=0.6.1->gpytorch) (11.3.3.41)
Requirement already satisfied: nvidia-curand-cu12==10.3.9.55 in /usr/local/lib/python3.11/dist-packages (from torch>=2.0->linear_operator>=0.6.1->gpytorch) (10.3.9.55)
Requirement already satisfied: nvidia-cusolver-cu12==11.7.2.55 in /usr/local/lib/python3.11/dist-packages (from torch>=2.0->linear_operator>=0.6.1->gpytorch) (11.7.2.55)
Requirement already satisfied: nvidia-cusparse-cu12==12.5.7.53 in /usr/local/lib/python3.11/dist-packages (from torch>=2.0->linear_operator>=0.6.1->gpytorch) (12.5.7.53)
Requirement already satisfied: nvidia-cusparselt-cu12==0.6.3 in /usr/local/lib/python3.11/dist-packages (from torch>=2.0->linear_operator>=0.6.1->gpytorch) (0.6.3)
Requirement already satisfied: nvidia-nccl-cu12==2.25.1 in /usr/local/lib/python3.11/dist-packages (from torch>=2.0->linear_operator>=0.6.1->gpytorch) (2.25.1)
Requirement already satisfied: nvidia-nvtx-cu12==12.8.55 in /usr/local/lib/python3.11/dist-packages (from torch>=2.0->linear_operator>=0.6.1->gpytorch) (12.8.55)
Requirement already satisfied: nvidia-nvjitlink-cu12==12.8.61 in /usr/local/lib/python3.11/dist-packages (from torch>=2.0->linear_operator>=0.6.1->gpytorch) (12.8.61)
Requirement already satisfied: nvidia-cufile-cu12==1.13.0.11 in /usr/local/lib/python3.11/dist-packages (from torch>=2.0->linear_operator>=0.6.1->gpytorch) (1.13.0.11)
Requirement already satisfied: pytorch-triton==3.3.0+git96316ce5 in /usr/local/lib/python3.11/dist-packages (from torch>=2.0->linear_operator>=0.6.1->gpytorch) (3.3.0+git96316ce5)
Requirement already satisfied: setuptools>=40.8.0 in /usr/local/lib/python3.11/dist-packages (from pytorch-triton==3.3.0+git96316ce5->torch>=2.0->linear_operator>=0.6.1->gpytorch) (77.0.1)
Requirement already satisfied: MarkupSafe>=2.0 in /usr/local/lib/python3.11/dist-packages (from jinja2->torch>=2.0->linear_operator>=0.6.1->gpytorch) (2.1.5)
WARNING: Running pip as the 'root' user can result in broken permissions and conflicting behaviour with the system package manager, possibly rendering your system unusable. It is recommended to use a virtual environment instead: https://pip.pypa.io/warnings/venv. Use the --root-user-action option if you know what you are doing and want to suppress this warning.
Obtaining file:///root/adSwarm
  Installing build dependencies: started
  Installing build dependencies: finished with status 'done'
  Checking if build backend supports build_editable: started
  Checking if build backend supports build_editable: finished with status 'done'
  Getting requirements to build editable: started
  Getting requirements to build editable: finished with status 'done'
  Preparing editable metadata (pyproject.toml): started
  Preparing editable metadata (pyproject.toml): finished with status 'done'
Building wheels for collected packages: pufferlib
  Building editable for pufferlib (pyproject.toml): started
  Building editable for pufferlib (pyproject.toml): finished with status 'done'
  Created wheel for pufferlib: filename=pufferlib-4.0.0-0.editable-py3-none-any.whl size=7253 sha256=88fa5eb6a4700d7d88246c519d3dbd551a8ccbfe1287f056227bb0c50733e592
  Stored in directory: /tmp/pip-ephem-wheel-cache-njgj_mgg/wheels/58/4f/d3/0ebb5120139e294aba15504b25b39bec93f40e726e48ae1f43
Successfully built pufferlib
Installing collected packages: pufferlib
  Attempting uninstall: pufferlib
    Found existing installation: pufferlib 4.0.0
    Uninstalling pufferlib-4.0.0:
      Successfully uninstalled pufferlib-4.0.0
Successfully installed pufferlib-4.0.0
WARNING: Running pip as the 'root' user can result in broken permissions and conflicting behaviour with the system package manager, possibly rendering your system unusable. It is recommended to use a virtual environment instead: https://pip.pypa.io/warnings/venv. Use the --root-user-action option if you know what you are doing and want to suppress this warning.
Compiling static library for drone...
warning: unknown warning option '-Werror=array-parameter'; did you mean '-Werror=unused-parameter'? [-Wunknown-warning-option]
1 warning generated.
Compiling CUDA (native) training backend...
Built: pufferlib/_C.cpython-311-x86_64-linux-gnu.so
pufferlib + _C import OK
wandb: WANDB_API_KEY not set — training will run without wandb.
       (re-run with the key exported, or pass without --wandb)

== setup complete. Next: bash stirling/scripts/train_stage1.sh ==
training args: --tag stage1-hover-baseline
[0;0H╭──────────────────────────────────────────────────────────────────────────────╮
│  PufferLib 4.0 🐡                 GPU: 0%      VRAM: 0.6/24G      RAM: 0.9G  │
│                                                                              │
│  Summary          Value    Evaluate     0ms   0%    Losses            Value  │
│  Env              drone      GPU        0ms   0%    policy            0.010  │
│  Params          151.0K      Env        0ms   0%    value             0.003  │
│  Steps              0.0    Train      118ms  99%    entropy           5.669  │
│  SPS                0.0      Misc      12ms  10%    total             0.025  │
│  Epoch                0      Forwa…   106ms  89%    old_kl            0.001  │
│  Uptime             0ms                             kl                0.001  │
│  Remaini…   A hair past                             clipfrac          0.085  │
│               a freckle                                                      │
│                                                                              │
│  User Stats                    Value    User Stats                    Value  │
╰──────────────────────────────────────────────────────────────────────────────╯

[0;0H╭──────────────────────────────────────────────────────────────────────────────╮
│  PufferLib 4.0          🐡       GPU: 85%      VRAM: 0.9/24G      RAM: 0.9G  │
│                                                                              │
│  Summary          Value    Evaluate   241ms  41%    Losses            Value  │
│  Env              drone      GPU       45ms   7%    policy           -0.037  │
│  Params          151.0K      Env      160ms  27%    value             0.030  │
│  Steps             1.6M    Train      345ms  58%    entropy           5.586  │
│  SPS               2.7M      Misc      23ms   3%    total             0.094  │
│  Epoch               25      Forwa…   322ms  54%    old_kl            0.001  │
│  Uptime           603ms                             kl                0.001  │
│  Remaini…  0d 0h 0m 14s                             clipfrac          0.146  │
│                                                                              │
│  User Stats                    Value    User Stats                    Value  │
│  perf                          0.000    score                         0.022  │
│  rings_passed                  0.000    ring_collisions               0.000  │
│  collisions                    0.000    oob                           1.000  │
│  timeout                       0.000    episode_return               -4.515  │
│  episode_length              113.290    ema_dist                      2.735  │
│  ema_vel                       3.795    ema_omega                    13.095  │
╰──────────────────────────────────────────────────────────────────────────────╯

[0;0H╭──────────────────────────────────────────────────────────────────────────────╮
│  PufferLib 4.0         🐡        GPU: 85%      VRAM: 0.9/24G      RAM: 0.9G  │
│                                                                              │
│  Summary          Value    Evaluate   239ms  39%    Losses            Value  │
│  Env              drone      GPU       44ms   7%    policy           -0.030  │
│  Params          151.0K      Env      158ms  25%    value             0.010  │
│  Steps             3.4M    Train      373ms  60%    entropy           5.256  │
│  SPS               2.8M      Misc      25ms   4%    total             0.012  │
│  Epoch               52      Forwa…   348ms  56%    old_kl            0.010  │
│  Uptime     0d 0h 0m 1s                             kl                0.010  │
│  Remaini…  0d 0h 0m 12s                             clipfrac          0.477  │
│                                                                              │
│  User Stats                    Value    User Stats                    Value  │
│  perf                          0.000    score                         0.036  │
│  rings_passed                  0.000    ring_collisions               0.000  │
│  collisions                    0.000    oob                           1.000  │
│  timeout                       0.000    episode_return               -3.130  │
│  episode_length              160.162    ema_dist                      3.000  │
│  ema_vel                       4.470    ema_omega                     6.324  │
╰──────────────────────────────────────────────────────────────────────────────╯

[0;0H╭──────────────────────────────────────────────────────────────────────────────╮
│  PufferLib 4.0        🐡         GPU: 77%      VRAM: 0.9/24G      RAM: 0.9G  │
│                                                                              │
│  Summary          Value    Evaluate   233ms  38%    Losses            Value  │
│  Env              drone      GPU       43ms   7%    policy           -0.008  │
│  Params          151.0K      Env      158ms  26%    value             0.005  │
│  Steps             5.2M    Train      373ms  61%    entropy           4.919  │
│  SPS               2.9M      Misc      25ms   4%    total             0.012  │
│  Epoch               79      Forwa…   348ms  57%    old_kl            0.015  │
│  Uptime     0d 0h 0m 1s                             kl                0.015  │
│  Remaini…  0d 0h 0m 12s                             clipfrac          0.591  │
│                                                                              │
│  User Stats                    Value    User Stats                    Value  │
│  perf                          0.051    score                        14.174  │
│  rings_passed                  0.000    ring_collisions               0.000  │
│  collisions                    0.000    oob                           0.176  │
│  timeout                       0.824    episode_return                1.926  │
│  episode_length              922.291    ema_dist                      1.337  │
│  ema_vel                       2.463    ema_omega                     3.234  │
╰──────────────────────────────────────────────────────────────────────────────╯

[0;0H╭──────────────────────────────────────────────────────────────────────────────╮
│  PufferLib 4.0       🐡          GPU: 84%      VRAM: 0.9/24G      RAM: 0.9G  │
│                                                                              │
│  Summary          Value    Evaluate   236ms  39%    Losses            Value  │
│  Env              drone      GPU       43ms   7%    policy            0.013  │
│  Params          151.0K      Env      154ms  25%    value             0.018  │
│  Steps             6.9M    Train      359ms  60%    entropy           4.760  │
│  SPS               2.8M      Misc      24ms   4%    total             0.093  │
│  Epoch              105      Forwa…   335ms  56%    old_kl            0.017  │
│  Uptime     0d 0h 0m 2s                             kl                0.017  │
│  Remaini…  0d 0h 0m 11s                             clipfrac          0.605  │
│                                                                              │
│  User Stats                    Value    User Stats                    Value  │
│  perf                          0.341    score                       133.255  │
│  rings_passed                  0.000    ring_collisions               0.000  │
│  collisions                    0.000    oob                           0.027  │
│  timeout                       0.973    episode_return               10.319  │
│  episode_length             1003.274    ema_dist                      0.348  │
│  ema_vel                       0.969    ema_omega                     2.981  │
╰──────────────────────────────────────────────────────────────────────────────╯

[0;0H╭──────────────────────────────────────────────────────────────────────────────╮
│  PufferLib 4.0      🐡           GPU: 84%      VRAM: 0.9/24G      RAM: 0.9G  │
│                                                                              │
│  Summary          Value    Evaluate   237ms  39%    Losses            Value  │
│  Env              drone      GPU       43ms   7%    policy           -0.022  │
│  Params          151.0K      Env      150ms  25%    value             0.016  │
│  Steps             8.6M    Train      359ms  60%    entropy           4.512  │
│  SPS               2.8M      Misc      24ms   4%    total             0.047  │
│  Epoch              131      Forwa…   335ms  56%    old_kl            0.017  │
│  Uptime     0d 0h 0m 3s                             kl                0.017  │
│  Remaini…  0d 0h 0m 11s                             clipfrac          0.598  │
│                                                                              │
│  User Stats                    Value    User Stats                    Value  │
│  perf                          0.544    score                       317.824  │
│  rings_passed                  0.000    ring_collisions               0.000  │
│  collisions                    0.000    oob                           0.016  │
│  timeout                       0.984    episode_return               17.069  │
│  episode_length             1010.485    ema_dist                      0.225  │
│  ema_vel                       0.388    ema_omega                     2.051  │
╰──────────────────────────────────────────────────────────────────────────────╯

[0;0H╭──────────────────────────────────────────────────────────────────────────────╮
│  PufferLib 4.0     🐡            GPU: 85%      VRAM: 0.9/24G      RAM: 0.9G  │
│                                                                              │
│  Summary          Value    Evaluate   232ms  39%    Losses            Value  │
│  Env              drone      GPU       43ms   7%    policy           -0.042  │
│  Params          151.0K      Env      150ms  25%    value             1.090  │
│  Steps            10.3M    Train      359ms  60%    entropy           4.340  │
│  SPS               2.8M      Misc      24ms   4%    total             4.776  │
│  Epoch              157      Forwa…   335ms  56%    old_kl            0.026  │
│  Uptime     0d 0h 0m 3s                             kl                0.026  │
│  Remaini…  0d 0h 0m 10s                             clipfrac          0.627  │
│                                                                              │
│  User Stats                    Value    User Stats                    Value  │
│  perf                          0.632    score                       417.681  │
│  rings_passed                  0.000    ring_collisions               0.000  │
│  collisions                    0.000    oob                           0.066  │
│  timeout                       0.934    episode_return               20.296  │
│  episode_length              970.456    ema_dist                      0.273  │
│  ema_vel                       0.626    ema_omega                     2.332  │
╰──────────────────────────────────────────────────────────────────────────────╯

[0;0H╭──────────────────────────────────────────────────────────────────────────────╮
│  PufferLib 4.0    🐡             GPU: 85%      VRAM: 0.9/24G      RAM: 0.9G  │
│                                                                              │
│  Summary          Value    Evaluate   235ms  39%    Losses            Value  │
│  Env              drone      GPU       42ms   7%    policy           -0.049  │
│  Params          151.0K      Env      153ms  25%    value             0.052  │
│  Steps            12.0M    Train      359ms  60%    entropy           4.149  │
│  SPS               2.8M      Misc      24ms   4%    total             0.180  │
│  Epoch              183      Forwa…   335ms  56%    old_kl            0.020  │
│  Uptime     0d 0h 0m 4s                             kl                0.019  │
│  Remaini…   0d 0h 0m 9s                             clipfrac          0.604  │
│                                                                              │
│  User Stats                    Value    User Stats                    Value  │
│  perf                          0.730    score                       538.584  │
│  rings_passed                  0.000    ring_collisions               0.000  │
│  collisions                    0.000    oob                           0.046  │
│  timeout                       0.954    episode_return               24.055  │
│  episode_length              986.021    ema_dist                      0.210  │
│  ema_vel                       0.415    ema_omega                     1.495  │
╰──────────────────────────────────────────────────────────────────────────────╯

[0;0H╭──────────────────────────────────────────────────────────────────────────────╮
│  PufferLib 4.0   🐡              GPU: 80%      VRAM: 0.9/24G      RAM: 0.9G  │
│                                                                              │
│  Summary          Value    Evaluate   235ms  38%    Losses            Value  │
│  Env              drone      GPU       43ms   7%    policy           -0.046  │
│  Params          151.0K      Env      154ms  25%    value             0.030  │
│  Steps            13.8M    Train      373ms  61%    entropy           3.890  │
│  SPS               2.8M      Misc      25ms   4%    total             0.085  │
│  Epoch              210      Forwa…   348ms  57%    old_kl            0.023  │
│  Uptime     0d 0h 0m 4s                             kl                0.023  │
│  Remaini…   0d 0h 0m 9s                             clipfrac          0.628  │
│                                                                              │
│  User Stats                    Value    User Stats                    Value  │
│  perf                          0.768    score                       591.096  │
│  rings_passed                  0.000    ring_collisions               0.000  │
│  collisions                    0.000    oob                           0.058  │
│  timeout                       0.942    episode_return               25.550  │
│  episode_length              975.595    ema_dist                      0.238  │
│  ema_vel                       0.442    ema_omega                     1.317  │
╰──────────────────────────────────────────────────────────────────────────────╯

[0;0H╭──────────────────────────────────────────────────────────────────────────────╮
│  PufferLib 4.0  🐡               GPU: 88%      VRAM: 0.9/24G      RAM: 0.9G  │
│                                                                              │
│  Summary          Value    Evaluate   218ms  36%    Losses            Value  │
│  Env              drone      GPU       42ms   7%    policy           -0.031  │
│  Params          151.0K      Env      151ms  25%    value             0.031  │
│  Steps            15.5M    Train      373ms  63%    entropy           3.629  │
│  SPS               2.9M      Misc      25ms   4%    total             0.104  │
│  Epoch              237      Forwa…   348ms  58%    old_kl            0.027  │
│  Uptime     0d 0h 0m 5s                             kl                0.027  │
│  Remaini…   0d 0h 0m 8s                             clipfrac          0.640  │
│                                                                              │
│  User Stats                    Value    User Stats                    Value  │
│  perf                          0.777    score                       592.393  │
│  rings_passed                  0.000    ring_collisions               0.000  │
│  collisions                    0.000    oob                           0.062  │
│  timeout                       0.938    episode_return               25.361  │
│  episode_length              972.885    ema_dist                      0.254  │
│  ema_vel                       0.469    ema_omega                     1.333  │
╰──────────────────────────────────────────────────────────────────────────────╯

[0;0H╭──────────────────────────────────────────────────────────────────────────────╮
│  PufferLib 4.0 🐡                GPU: 88%      VRAM: 0.9/24G      RAM: 0.9G  │
│                                                                              │
│  Summary          Value    Evaluate   223ms  37%    Losses            Value  │
│  Env              drone      GPU       43ms   7%    policy           -0.013  │
│  Params          151.0K      Env      152ms  25%    value             0.020  │
│  Steps            17.3M    Train      373ms  62%    entropy           3.630  │
│  SPS               2.9M      Misc      25ms   4%    total             0.074  │
│  Epoch              264      Forwa…   348ms  58%    old_kl            0.031  │
│  Uptime     0d 0h 0m 6s                             kl                0.030  │
│  Remaini…   0d 0h 0m 7s                             clipfrac          0.645  │
│                                                                              │
│  User Stats                    Value    User Stats                    Value  │
│  perf                          0.732    score                       573.921  │
│  rings_passed                  0.000    ring_collisions               0.000  │
│  collisions                    0.000    oob                           0.107  │
│  timeout                       0.893    episode_return               28.379  │
│  episode_length              937.740    ema_dist                      0.357  │
│  ema_vel                       0.686    ema_omega                     2.291  │
╰──────────────────────────────────────────────────────────────────────────────╯

[0;0H╭──────────────────────────────────────────────────────────────────────────────╮
│  PufferLib 4.0          🐡       GPU: 84%      VRAM: 0.9/24G      RAM: 0.9G  │
│                                                                              │
│  Summary          Value    Evaluate   223ms  37%    Losses            Value  │
│  Env              drone      GPU       42ms   7%    policy           -0.028  │
│  Params          151.0K      Env      149ms  25%    value             0.031  │
│  Steps            19.1M    Train      373ms  62%    entropy           3.429  │
│  SPS               2.9M      Misc      25ms   4%    total             0.109  │
│  Epoch              291      Forwa…   349ms  58%    old_kl            0.027  │
│  Uptime     0d 0h 0m 6s                             kl                0.027  │
│  Remaini…   0d 0h 0m 7s                             clipfrac          0.652  │
│                                                                              │
│  User Stats                    Value    User Stats                    Value  │
│  perf                          0.810    score                       629.464  │
│  rings_passed                  0.000    ring_collisions               0.000  │
│  collisions                    0.000    oob                           0.041  │
│  timeout                       0.959    episode_return               37.774  │
│  episode_length              989.918    ema_dist                      0.137  │
│  ema_vel                       0.316    ema_omega                     1.351  │
╰──────────────────────────────────────────────────────────────────────────────╯

[0;0H╭──────────────────────────────────────────────────────────────────────────────╮
│  PufferLib 4.0         🐡        GPU: 84%      VRAM: 0.9/24G      RAM: 0.9G  │
│                                                                              │
│  Summary          Value    Evaluate   231ms  38%    Losses            Value  │
│  Env              drone      GPU       44ms   7%    policy           -0.039  │
│  Params          151.0K      Env      154ms  25%    value             0.029  │
│  Steps            20.8M    Train      373ms  61%    entropy           3.169  │
│  SPS               2.9M      Misc      25ms   4%    total             0.090  │
│  Epoch              318      Forwa…   348ms  57%    old_kl            0.025  │
│  Uptime     0d 0h 0m 7s                             kl                0.025  │
│  Remaini…   0d 0h 0m 6s                             clipfrac          0.643  │
│                                                                              │
│  User Stats                    Value    User Stats                    Value  │
│  perf                          0.863    score                       706.786  │
│  rings_passed                  0.000    ring_collisions               0.000  │
│  collisions                    0.000    oob                           0.026  │
│  timeout                       0.974    episode_return               44.460  │
│  episode_length             1002.626    ema_dist                      0.082  │
│  ema_vel                       0.213    ema_omega                     0.938  │
╰──────────────────────────────────────────────────────────────────────────────╯

[0;0H╭──────────────────────────────────────────────────────────────────────────────╮
│  PufferLib 4.0        🐡         GPU: 87%      VRAM: 0.9/24G      RAM: 0.9G  │
│                                                                              │
│  Summary          Value    Evaluate   233ms  38%    Losses            Value  │
│  Env              drone      GPU       44ms   7%    policy           -0.047  │
│  Params          151.0K      Env      152ms  25%    value             0.029  │
│  Steps            22.6M    Train      374ms  61%    entropy           2.815  │
│  SPS               2.9M      Misc      25ms   4%    total             0.080  │
│  Epoch              345      Forwa…   348ms  57%    old_kl            0.020  │
│  Uptime     0d 0h 0m 7s                             kl                0.020  │
│  Remaini…   0d 0h 0m 6s                             clipfrac          0.619  │
│                                                                              │
│  User Stats                    Value    User Stats                    Value  │
│  perf                          0.883    score                       737.503  │
│  rings_passed                  0.000    ring_collisions               0.000  │
│  collisions                    0.000    oob                           0.025  │
│  timeout                       0.975    episode_return               45.590  │
│  episode_length             1003.723    ema_dist                      0.087  │
│  ema_vel                       0.187    ema_omega                     0.797  │
╰──────────────────────────────────────────────────────────────────────────────╯

[0;0H╭──────────────────────────────────────────────────────────────────────────────╮
│  PufferLib 4.0       🐡          GPU: 85%      VRAM: 0.9/24G      RAM: 0.9G  │
│                                                                              │
│  Summary          Value    Evaluate   236ms  38%    Losses            Value  │
│  Env              drone      GPU       43ms   7%    policy           -0.041  │
│  Params          151.0K      Env      152ms  25%    value             0.026  │
│  Steps            24.4M    Train      373ms  61%    entropy           2.485  │
│  SPS               2.9M      Misc      25ms   4%    total             0.074  │
│  Epoch              372      Forwa…   348ms  57%    old_kl            0.019  │
│  Uptime     0d 0h 0m 8s                             kl                0.019  │
│  Remaini…   0d 0h 0m 5s                             clipfrac          0.627  │
│                                                                              │
│  User Stats                    Value    User Stats                    Value  │
│  perf                          0.904    score                       761.562  │
│  rings_passed                  0.000    ring_collisions               0.000  │
│  collisions                    0.000    oob                           0.011  │
│  timeout                       0.989    episode_return               47.315  │
│  episode_length             1014.971    ema_dist                      0.047  │
│  ema_vel                       0.105    ema_omega                     0.585  │
╰──────────────────────────────────────────────────────────────────────────────╯

[0;0H╭──────────────────────────────────────────────────────────────────────────────╮
│  PufferLib 4.0      🐡           GPU: 85%      VRAM: 0.9/24G      RAM: 0.9G  │
│                                                                              │
│  Summary          Value    Evaluate   230ms  38%    Losses            Value  │
│  Env              drone      GPU       43ms   7%    policy           -0.036  │
│  Params          151.0K      Env      152ms  25%    value             0.026  │
│  Steps            26.1M    Train      373ms  61%    entropy           2.209  │
│  SPS               2.9M      Misc      25ms   4%    total             0.079  │
│  Epoch              399      Forwa…   348ms  57%    old_kl            0.018  │
│  Uptime     0d 0h 0m 9s                             kl                0.018  │
│  Remaini…   0d 0h 0m 4s                             clipfrac          0.605  │
│                                                                              │
│  User Stats                    Value    User Stats                    Value  │
│  perf                          0.913    score                       777.062  │
│  rings_passed                  0.000    ring_collisions               0.000  │
│  collisions                    0.000    oob                           0.019  │
│  timeout                       0.981    episode_return               49.358  │
│  episode_length             1007.769    ema_dist                      0.064  │
│  ema_vel                       0.152    ema_omega                     0.604  │
╰──────────────────────────────────────────────────────────────────────────────╯

[0;0H╭──────────────────────────────────────────────────────────────────────────────╮
│  PufferLib 4.0     🐡            GPU: 82%      VRAM: 0.9/24G      RAM: 0.9G  │
│                                                                              │
│  Summary          Value    Evaluate   237ms  39%    Losses            Value  │
│  Env              drone      GPU       43ms   7%    policy           -0.037  │
│  Params          151.0K      Env      152ms  25%    value             0.027  │
│  Steps            27.9M    Train      360ms  60%    entropy           1.804  │
│  SPS               2.8M      Misc      24ms   4%    total             0.082  │
│  Epoch              425      Forwa…   336ms  56%    old_kl            0.015  │
│  Uptime     0d 0h 0m 9s                             kl                0.015  │
│  Remaini…   0d 0h 0m 4s                             clipfrac          0.586  │
│                                                                              │
│  User Stats                    Value    User Stats                    Value  │
│  perf                          0.906    score                       769.301  │
│  rings_passed                  0.000    ring_collisions               0.000  │
│  collisions                    0.000    oob                           0.038  │
│  timeout                       0.962    episode_return               49.132  │
│  episode_length              992.434    ema_dist                      0.112  │
│  ema_vel                       0.250    ema_omega                     0.734  │
╰──────────────────────────────────────────────────────────────────────────────╯

[0;0H╭──────────────────────────────────────────────────────────────────────────────╮
│  PufferLib 4.0    🐡             GPU: 80%      VRAM: 0.9/24G      RAM: 0.9G  │
│                                                                              │
│  Summary          Value    Evaluate   226ms  39%    Losses            Value  │
│  Env              drone      GPU       41ms   7%    policy           -0.044  │
│  Params          151.0K      Env      144ms  25%    value             0.029  │
│  Steps            29.5M    Train      346ms  60%    entropy           1.273  │
│  SPS               2.7M      Misc      23ms   3%    total             0.086  │
│  Epoch              450      Forwa…   323ms  56%    old_kl            0.014  │
│  Uptime    0d 0h 0m 10s                             kl                0.013  │
│  Remaini…   0d 0h 0m 3s                             clipfrac          0.574  │
│                                                                              │
│  User Stats                    Value    User Stats                    Value  │
│  perf                          0.936    score                       797.764  │
│  rings_passed                  0.000    ring_collisions               0.000  │
│  collisions                    0.000    oob                           0.016  │
│  timeout                       0.984    episode_return               51.642  │
│  episode_length             1010.903    ema_dist                      0.057  │
│  ema_vel                       0.115    ema_omega                     0.436  │
╰──────────────────────────────────────────────────────────────────────────────╯

[0;0H╭──────────────────────────────────────────────────────────────────────────────╮
│  PufferLib 4.0   🐡              GPU: 80%      VRAM: 0.9/24G      RAM: 0.9G  │
│                                                                              │
│  Summary          Value    Evaluate   235ms  39%    Losses            Value  │
│  Env              drone      GPU       42ms   7%    policy           -0.058  │
│  Params          151.0K      Env      150ms  25%    value             0.039  │
│  Steps            31.2M    Train      360ms  60%    entropy           0.655  │
│  SPS               2.8M      Misc      24ms   4%    total             0.114  │
│  Epoch              476      Forwa…   336ms  56%    old_kl            0.013  │
│  Uptime    0d 0h 0m 10s                             kl                0.013  │
│  Remaini…   0d 0h 0m 3s                             clipfrac          0.569  │
│                                                                              │
│  User Stats                    Value    User Stats                    Value  │
│  perf                          0.941    score                       808.776  │
│  rings_passed                  0.000    ring_collisions               0.000  │
│  collisions                    0.000    oob                           0.020  │
│  timeout                       0.980    episode_return               53.297  │
│  episode_length             1007.561    ema_dist                      0.061  │
│  ema_vel                       0.134    ema_omega                     0.428  │
╰──────────────────────────────────────────────────────────────────────────────╯

[0;0H╭──────────────────────────────────────────────────────────────────────────────╮
│  PufferLib 4.0  🐡               GPU: 85%      VRAM: 0.9/24G      RAM: 0.9G  │
│                                                                              │
│  Summary          Value    Evaluate   238ms  39%    Losses            Value  │
│  Env              drone      GPU       43ms   7%    policy           -0.053  │
│  Params          151.0K      Env      153ms  25%    value             0.032  │
│  Steps            32.9M    Train      359ms  60%    entropy           0.017  │
│  SPS               2.8M      Misc      24ms   4%    total             0.087  │
│  Epoch              502      Forwa…   335ms  56%    old_kl            0.012  │
│  Uptime    0d 0h 0m 11s                             kl                0.012  │
│  Remaini…   0d 0h 0m 2s                             clipfrac          0.566  │
│                                                                              │
│  User Stats                    Value    User Stats                    Value  │
│  perf                          0.952    score                       824.343  │
│  rings_passed                  0.000    ring_collisions               0.000  │
│  collisions                    0.000    oob                           0.015  │
│  timeout                       0.985    episode_return               55.006  │
│  episode_length             1010.964    ema_dist                      0.050  │
│  ema_vel                       0.113    ema_omega                     0.339  │
╰──────────────────────────────────────────────────────────────────────────────╯

[0;0H╭──────────────────────────────────────────────────────────────────────────────╮
│  PufferLib 4.0 🐡                GPU: 85%      VRAM: 0.9/24G      RAM: 0.9G  │
│                                                                              │
│  Summary          Value    Evaluate   227ms  37%    Losses            Value  │
│  Env              drone      GPU       42ms   7%    policy           -0.051  │
│  Params          151.0K      Env      154ms  25%    value             0.032  │
│  Steps            34.7M    Train      373ms  62%    entropy          -0.561  │
│  SPS               2.9M      Misc      25ms   4%    total             0.089  │
│  Epoch              529      Forwa…   348ms  58%    old_kl            0.012  │
│  Uptime    0d 0h 0m 12s                             kl                0.012  │
│  Remaini…   0d 0h 0m 1s                             clipfrac          0.572  │
│                                                                              │
│  User Stats                    Value    User Stats                    Value  │
│  perf                          0.958    score                       832.006  │
│  rings_passed                  0.000    ring_collisions               0.000  │
│  collisions                    0.000    oob                           0.014  │
│  timeout                       0.986    episode_return               55.966  │
│  episode_length             1012.493    ema_dist                      0.046  │
│  ema_vel                       0.097    ema_omega                     0.295  │
╰──────────────────────────────────────────────────────────────────────────────╯

[0;0H╭──────────────────────────────────────────────────────────────────────────────╮
│  PufferLib 4.0          🐡       GPU: 77%      VRAM: 0.9/24G      RAM: 0.9G  │
│                                                                              │
│  Summary          Value    Evaluate   236ms  38%    Losses            Value  │
│  Env              drone      GPU       43ms   7%    policy           -0.048  │
│  Params          151.0K      Env      156ms  25%    value             0.030  │
│  Steps            36.4M    Train      374ms  61%    entropy          -0.923  │
│  SPS               2.8M      Misc      25ms   4%    total             0.083  │
│  Epoch              556      Forwa…   348ms  57%    old_kl            0.010  │
│  Uptime    0d 0h 0m 12s                             kl                0.010  │
│  Remaini…   0d 0h 0m 1s                             clipfrac          0.547  │
│                                                                              │
│  User Stats                    Value    User Stats                    Value  │
│  perf                          0.951    score                       827.696  │
│  rings_passed                  0.000    ring_collisions               0.000  │
│  collisions                    0.000    oob                           0.022  │
│  timeout                       0.978    episode_return               55.529  │
│  episode_length             1005.320    ema_dist                      0.068  │
│  ema_vel                       0.148    ema_omega                     0.382  │
╰──────────────────────────────────────────────────────────────────────────────╯

[0;0H╭──────────────────────────────────────────────────────────────────────────────╮
│  PufferLib 4.0         🐡        GPU: 81%      VRAM: 0.9/24G      RAM: 0.9G  │
│                                                                              │
│  Summary          Value    Evaluate   237ms  39%    Losses            Value  │
│  Env              drone      GPU       44ms   7%    policy           -0.044  │
│  Params          151.0K      Env      153ms  25%    value             0.027  │
│  Steps            38.1M    Train      359ms  60%    entropy          -1.096  │
│  SPS               2.8M      Misc      24ms   3%    total             0.077  │
│  Epoch              582      Forwa…   336ms  56%    old_kl            0.009  │
│  Uptime    0d 0h 0m 13s                             kl                0.009  │
│  Remaini…         664ms                             clipfrac          0.531  │
│                                                                              │
│  User Stats                    Value    User Stats                    Value  │
│  perf                          0.948    score                       825.205  │
│  rings_passed                  0.000    ring_collisions               0.000  │
│  collisions                    0.000    oob                           0.026  │
│  timeout                       0.974    episode_return               54.994  │
│  episode_length             1002.632    ema_dist                      0.081  │
│  ema_vel                       0.161    ema_omega                     0.406  │
╰──────────────────────────────────────────────────────────────────────────────╯

[0;0H╭──────────────────────────────────────────────────────────────────────────────╮
│  PufferLib 4.0        🐡         GPU: 81%      VRAM: 0.9/24G      RAM: 0.9G  │
│                                                                              │
│  Summary          Value    Evaluate   233ms  39%    Losses            Value  │
│  Env              drone      GPU       43ms   7%    policy           -0.065  │
│  Params          151.0K      Env      151ms  25%    value             0.039  │
│  Steps            39.8M    Train      359ms  60%    entropy          -1.143  │
│  SPS               2.8M      Misc      24ms   4%    total             0.108  │
│  Epoch              608      Forwa…   336ms  56%    old_kl            0.008  │
│  Uptime    0d 0h 0m 14s                             kl                0.008  │
│  Remaini…          55ms                             clipfrac          0.501  │
│                                                                              │
│  User Stats                    Value    User Stats                    Value  │
│  perf                          0.957    score                       835.157  │
│  rings_passed                  0.000    ring_collisions               0.000  │
│  collisions                    0.000    oob                           0.018  │
│  timeout                       0.982    episode_return               55.572  │
│  episode_length             1009.188    ema_dist                      0.058  │
│  ema_vel                       0.118    ema_omega                     0.307  │
╰──────────────────────────────────────────────────────────────────────────────╯

[0;0H╭──────────────────────────────────────────────────────────────────────────────╮
│  PufferLib 4.0       🐡          GPU: 81%      VRAM: 0.9/24G      RAM: 0.9G  │
│                                                                              │
│  Summary          Value    Evaluate    18ms  39%    Losses            Value  │
│  Env              drone      GPU        3ms   6%    policy           -0.009  │
│  Params          151.0K      Env       12ms  25%    value             0.012  │
│  Steps            40.0M    Train       28ms  60%    entropy          -1.145  │
│  SPS               2.4M      Misc       2ms   4%    total             0.043  │
│  Epoch              610      Forwa…    26ms  56%    old_kl            0.009  │
│  Uptime    0d 0h 0m 14s                             kl                0.008  │
│  Remaini…          10ms                             clipfrac          0.513  │
│                                                                              │
│  User Stats                    Value    User Stats                    Value  │
│  perf                          0.948    score                       830.648  │
│  rings_passed                  0.000    ring_collisions               0.000  │
│  collisions                    0.000    oob                           0.027  │
│  timeout                       0.973    episode_return               55.709  │
│  episode_length             1001.892    ema_dist                      0.082  │
│  ema_vel                       0.159    ema_omega                     0.436  │
╰──────────────────────────────────────────────────────────────────────────────╯

[0;0H╭──────────────────────────────────────────────────────────────────────────────╮
│  PufferLib 4.0      🐡           GPU: 81%      VRAM: 0.9/24G      RAM: 0.9G  │
│                                                                              │
│  Summary          Value    Evaluate    18ms  39%    Losses            Value  │
│  Env              drone      GPU        3ms   6%    policy           -0.009  │
│  Params          151.0K      Env       12ms  25%    value             0.012  │
│  Steps            40.0M    Train       28ms  60%    entropy          -1.145  │
│  SPS               2.4M      Misc       2ms   4%    total             0.043  │
│  Epoch              610      Forwa…    26ms  56%    old_kl            0.009  │
│  Uptime    0d 0h 0m 14s                             kl                0.008  │
│  Remaini…          10ms                             clipfrac          0.513  │
│                                                                              │
│  User Stats                    Value    User Stats                    Value  │
│  perf                          0.975    score                       859.898  │
│  rings_passed                  0.000    ring_collisions               0.000  │
│  collisions                    0.000    oob                           0.000  │
│  timeout                       1.000    episode_return               57.636  │
│  episode_length             1024.000    ema_dist                      0.006  │
│  ema_vel                       0.020    ema_omega                     0.123  │
╰──────────────────────────────────────────────────────────────────────────────╯

[0;0H╭──────────────────────────────────────────────────────────────────────────────╮
│  PufferLib 4.0     🐡            GPU: 81%      VRAM: 0.9/24G      RAM: 0.9G  │
│                                                                              │
│  Summary          Value    Evaluate    18ms  39%    Losses            Value  │
│  Env              drone      GPU        3ms   6%    policy           -0.009  │
│  Params          151.0K      Env       12ms  25%    value             0.012  │
│  Steps            40.0M    Train       28ms  60%    entropy          -1.145  │
│  SPS               2.4M      Misc       2ms   4%    total             0.043  │
│  Epoch              610      Forwa…    26ms  56%    old_kl            0.009  │
│  Uptime    0d 0h 0m 14s                             kl                0.008  │
│  Remaini…          10ms                             clipfrac          0.513  │
│                                                                              │
│  User Stats                    Value    User Stats                    Value  │
│  perf                          0.975    score                       856.723  │
│  rings_passed                  0.000    ring_collisions               0.000  │
│  collisions                    0.000    oob                           0.000  │
│  timeout                       1.000    episode_return               57.544  │
│  episode_length             1024.000    ema_dist                      0.006  │
│  ema_vel                       0.020    ema_omega                     0.123  │
╰──────────────────────────────────────────────────────────────────────────────╯

[0;0H╭──────────────────────────────────────────────────────────────────────────────╮
│  PufferLib 4.0    🐡             GPU: 81%      VRAM: 0.9/24G      RAM: 0.9G  │
│                                                                              │
│  Summary          Value    Evaluate    18ms  39%    Losses            Value  │
│  Env              drone      GPU        3ms   6%    policy           -0.009  │
│  Params          151.0K      Env       12ms  25%    value             0.012  │
│  Steps            40.0M    Train       28ms  60%    entropy          -1.145  │
│  SPS               2.4M      Misc       2ms   4%    total             0.043  │
│  Epoch              610      Forwa…    26ms  56%    old_kl            0.009  │
│  Uptime    0d 0h 0m 14s                             kl                0.008  │
│  Remaini…          10ms                             clipfrac          0.513  │
│                                                                              │
│  User Stats                    Value    User Stats                    Value  │
│  perf                          0.975    score                       851.949  │
│  rings_passed                  0.000    ring_collisions               0.000  │
│  collisions                    0.000    oob                           0.000  │
│  timeout                       1.000    episode_return               57.384  │
│  episode_length             1024.000    ema_dist                      0.006  │
│  ema_vel                       0.020    ema_omega                     0.123  │
╰──────────────────────────────────────────────────────────────────────────────╯

[0;0H╭──────────────────────────────────────────────────────────────────────────────╮
│  PufferLib 4.0   🐡              GPU: 81%      VRAM: 0.9/24G      RAM: 0.9G  │
│                                                                              │
│  Summary          Value    Evaluate    18ms  39%    Losses            Value  │
│  Env              drone      GPU        3ms   6%    policy           -0.009  │
│  Params          151.0K      Env       12ms  25%    value             0.012  │
│  Steps            40.0M    Train       28ms  60%    entropy          -1.145  │
│  SPS               2.4M      Misc       2ms   4%    total             0.043  │
│  Epoch              610      Forwa…    26ms  56%    old_kl            0.009  │
│  Uptime    0d 0h 0m 14s                             kl                0.008  │
│  Remaini…          10ms                             clipfrac          0.513  │
│                                                                              │
│  User Stats                    Value    User Stats                    Value  │
│  perf                          0.968    score                       846.184  │
│  rings_passed                  0.000    ring_collisions               0.000  │
│  collisions                    0.000    oob                           0.007  │
│  timeout                       0.993    episode_return               56.884  │
│  episode_length             1017.956    ema_dist                      0.025  │
│  ema_vel                       0.058    ema_omega                     0.199  │
╰──────────────────────────────────────────────────────────────────────────────╯

[0;0H╭──────────────────────────────────────────────────────────────────────────────╮
│  PufferLib 4.0  🐡               GPU: 81%      VRAM: 0.9/24G      RAM: 0.9G  │
│                                                                              │
│  Summary          Value    Evaluate    18ms  39%    Losses            Value  │
│  Env              drone      GPU        3ms   6%    policy           -0.009  │
│  Params          151.0K      Env       12ms  25%    value             0.012  │
│  Steps            40.0M    Train       28ms  60%    entropy          -1.145  │
│  SPS               2.4M      Misc       2ms   4%    total             0.043  │
│  Epoch              610      Forwa…    26ms  56%    old_kl            0.009  │
│  Uptime    0d 0h 0m 14s                             kl                0.008  │
│  Remaini…          10ms                             clipfrac          0.513  │
│                                                                              │
│  User Stats                    Value    User Stats                    Value  │
│  perf                          0.965    score                       843.052  │
│  rings_passed                  0.000    ring_collisions               0.000  │
│  collisions                    0.000    oob                           0.010  │
│  timeout                       0.990    episode_return               56.721  │
│  episode_length             1015.482    ema_dist                      0.033  │
│  ema_vel                       0.076    ema_omega                     0.232  │
╰──────────────────────────────────────────────────────────────────────────────╯

[0;0H╭──────────────────────────────────────────────────────────────────────────────╮
│  PufferLib 4.0 🐡                GPU: 81%      VRAM: 0.9/24G      RAM: 0.9G  │
│                                                                              │
│  Summary          Value    Evaluate    18ms  39%    Losses            Value  │
│  Env              drone      GPU        3ms   6%    policy           -0.009  │
│  Params          151.0K      Env       12ms  25%    value             0.012  │
│  Steps            40.0M    Train       28ms  60%    entropy          -1.145  │
│  SPS               2.4M      Misc       2ms   4%    total             0.043  │
│  Epoch              610      Forwa…    26ms  56%    old_kl            0.009  │
│  Uptime    0d 0h 0m 14s                             kl                0.008  │
│  Remaini…          10ms                             clipfrac          0.513  │
│                                                                              │
│  User Stats                    Value    User Stats                    Value  │
│  perf                          0.964    score                       841.316  │
│  rings_passed                  0.000    ring_collisions               0.000  │
│  collisions                    0.000    oob                           0.011  │
│  timeout                       0.989    episode_return               56.630  │
│  episode_length             1014.758    ema_dist                      0.037  │
│  ema_vel                       0.079    ema_omega                     0.228  │
╰──────────────────────────────────────────────────────────────────────────────╯

[0;0H╭──────────────────────────────────────────────────────────────────────────────╮
│  PufferLib 4.0          🐡       GPU: 81%      VRAM: 0.9/24G      RAM: 0.9G  │
│                                                                              │
│  Summary          Value    Evaluate    18ms  39%    Losses            Value  │
│  Env              drone      GPU        3ms   6%    policy           -0.009  │
│  Params          151.0K      Env       12ms  25%    value             0.012  │
│  Steps            40.0M    Train       28ms  60%    entropy          -1.145  │
│  SPS               2.4M      Misc       2ms   4%    total             0.043  │
│  Epoch              610      Forwa…    26ms  56%    old_kl            0.009  │
│  Uptime    0d 0h 0m 14s                             kl                0.008  │
│  Remaini…          10ms                             clipfrac          0.513  │
│                                                                              │
│  User Stats                    Value    User Stats                    Value  │
│  perf                          0.967    score                       843.031  │
│  rings_passed                  0.000    ring_collisions               0.000  │
│  collisions                    0.000    oob                           0.008  │
│  timeout                       0.992    episode_return               56.755  │
│  episode_length             1017.216    ema_dist                      0.029  │
│  ema_vel                       0.063    ema_omega                     0.200  │
╰──────────────────────────────────────────────────────────────────────────────╯

[0;0H╭──────────────────────────────────────────────────────────────────────────────╮
│  PufferLib 4.0         🐡        GPU: 81%      VRAM: 0.9/24G      RAM: 0.9G  │
│                                                                              │
│  Summary          Value    Evaluate    18ms  39%    Losses            Value  │
│  Env              drone      GPU        3ms   6%    policy           -0.009  │
│  Params          151.0K      Env       12ms  25%    value             0.012  │
│  Steps            40.0M    Train       28ms  60%    entropy          -1.145  │
│  SPS               2.4M      Misc       2ms   4%    total             0.043  │
│  Epoch              610      Forwa…    26ms  56%    old_kl            0.009  │
│  Uptime    0d 0h 0m 14s                             kl                0.008  │
│  Remaini…          10ms                             clipfrac          0.513  │
│                                                                              │
│  User Stats                    Value    User Stats                    Value  │
│  perf                          0.968    score                       845.060  │
│  rings_passed                  0.000    ring_collisions               0.000  │
│  collisions                    0.000    oob                           0.007  │
│  timeout                       0.993    episode_return               56.862  │
│  episode_length             1018.676    ema_dist                      0.024  │
│  ema_vel                       0.054    ema_omega                     0.183  │
╰──────────────────────────────────────────────────────────────────────────────╯

[0;0H╭──────────────────────────────────────────────────────────────────────────────╮
│  PufferLib 4.0        🐡         GPU: 81%      VRAM: 0.9/24G      RAM: 0.9G  │
│                                                                              │
│  Summary          Value    Evaluate    18ms  39%    Losses            Value  │
│  Env              drone      GPU        3ms   6%    policy           -0.009  │
│  Params          151.0K      Env       12ms  25%    value             0.012  │
│  Steps            40.0M    Train       28ms  60%    entropy          -1.145  │
│  SPS               2.4M      Misc       2ms   4%    total             0.043  │
│  Epoch              610      Forwa…    26ms  56%    old_kl            0.009  │
│  Uptime    0d 0h 0m 14s                             kl                0.008  │
│  Remaini…          10ms                             clipfrac          0.513  │
│                                                                              │
│  User Stats                    Value    User Stats                    Value  │
│  perf                          0.968    score                       845.671  │
│  rings_passed                  0.000    ring_collisions               0.000  │
│  collisions                    0.000    oob                           0.007  │
│  timeout                       0.993    episode_return               56.924  │
│  episode_length             1018.320    ema_dist                      0.025  │
│  ema_vel                       0.058    ema_omega                     0.191  │
╰──────────────────────────────────────────────────────────────────────────────╯

[0;0H╭──────────────────────────────────────────────────────────────────────────────╮
│  PufferLib 4.0       🐡          GPU: 81%      VRAM: 0.9/24G      RAM: 0.9G  │
│                                                                              │
│  Summary          Value    Evaluate    18ms  39%    Losses            Value  │
│  Env              drone      GPU        3ms   6%    policy           -0.009  │
│  Params          151.0K      Env       12ms  25%    value             0.012  │
│  Steps            40.0M    Train       28ms  60%    entropy          -1.145  │
│  SPS               2.4M      Misc       2ms   4%    total             0.043  │
│  Epoch              610      Forwa…    26ms  56%    old_kl            0.009  │
│  Uptime    0d 0h 0m 14s                             kl                0.008  │
│  Remaini…          10ms                             clipfrac          0.513  │
│                                                                              │
│  User Stats                    Value    User Stats                    Value  │
│  perf                          0.968    score                       844.368  │
│  rings_passed                  0.000    ring_collisions               0.000  │
│  collisions                    0.000    oob                           0.007  │
│  timeout                       0.993    episode_return               56.843  │
│  episode_length             1017.913    ema_dist                      0.026  │
│  ema_vel                       0.062    ema_omega                     0.198  │
╰──────────────────────────────────────────────────────────────────────────────╯

[0;0H╭──────────────────────────────────────────────────────────────────────────────╮
│  PufferLib 4.0      🐡           GPU: 81%      VRAM: 0.9/24G      RAM: 0.9G  │
│                                                                              │
│  Summary          Value    Evaluate    18ms  39%    Losses            Value  │
│  Env              drone      GPU        3ms   6%    policy           -0.009  │
│  Params          151.0K      Env       12ms  25%    value             0.012  │
│  Steps            40.0M    Train       28ms  60%    entropy          -1.145  │
│  SPS               2.4M      Misc       2ms   4%    total             0.043  │
│  Epoch              610      Forwa…    26ms  56%    old_kl            0.009  │
│  Uptime    0d 0h 0m 14s                             kl                0.008  │
│  Remaini…          10ms                             clipfrac          0.513  │
│                                                                              │
│  User Stats                    Value    User Stats                    Value  │
│  perf                          0.969    score                       844.754  │
│  rings_passed                  0.000    ring_collisions               0.000  │
│  collisions                    0.000    oob                           0.006  │
│  timeout                       0.994    episode_return               56.867  │
│  episode_length             1018.748    ema_dist                      0.023  │
│  ema_vel                       0.056    ema_omega                     0.187  │
╰──────────────────────────────────────────────────────────────────────────────╯

[0;0H╭──────────────────────────────────────────────────────────────────────────────╮
│  PufferLib 4.0     🐡            GPU: 81%      VRAM: 0.9/24G      RAM: 0.9G  │
│                                                                              │
│  Summary          Value    Evaluate    18ms  39%    Losses            Value  │
│  Env              drone      GPU        3ms   6%    policy           -0.009  │
│  Params          151.0K      Env       12ms  25%    value             0.012  │
│  Steps            40.0M    Train       28ms  60%    entropy          -1.145  │
│  SPS               2.4M      Misc       2ms   4%    total             0.043  │
│  Epoch              610      Forwa…    26ms  56%    old_kl            0.009  │
│  Uptime    0d 0h 0m 14s                             kl                0.008  │
│  Remaini…          10ms                             clipfrac          0.513  │
│                                                                              │
│  User Stats                    Value    User Stats                    Value  │
│  perf                          0.969    score                       845.293  │
│  rings_passed                  0.000    ring_collisions               0.000  │
│  collisions                    0.000    oob                           0.005  │
│  timeout                       0.995    episode_return               56.904  │
│  episode_length             1019.476    ema_dist                      0.021  │
│  ema_vel                       0.051    ema_omega                     0.178  │
╰──────────────────────────────────────────────────────────────────────────────╯

[0;0H╭──────────────────────────────────────────────────────────────────────────────╮
│  PufferLib 4.0    🐡             GPU: 81%      VRAM: 0.9/24G      RAM: 0.9G  │
│                                                                              │
│  Summary          Value    Evaluate    18ms  39%    Losses            Value  │
│  Env              drone      GPU        3ms   6%    policy           -0.009  │
│  Params          151.0K      Env       12ms  25%    value             0.012  │
│  Steps            40.0M    Train       28ms  60%    entropy          -1.145  │
│  SPS               2.4M      Misc       2ms   4%    total             0.043  │
│  Epoch              610      Forwa…    26ms  56%    old_kl            0.009  │
│  Uptime    0d 0h 0m 14s                             kl                0.008  │
│  Remaini…          10ms                             clipfrac          0.513  │
│                                                                              │
│  User Stats                    Value    User Stats                    Value  │
│  perf                          0.967    score                       843.327  │
│  rings_passed                  0.000    ring_collisions               0.000  │
│  collisions                    0.000    oob                           0.008  │
│  timeout                       0.992    episode_return               56.771  │
│  episode_length             1017.578    ema_dist                      0.027  │
│  ema_vel                       0.065    ema_omega                     0.208  │
╰──────────────────────────────────────────────────────────────────────────────╯

[0;0H╭──────────────────────────────────────────────────────────────────────────────╮
│  PufferLib 4.0   🐡              GPU: 81%      VRAM: 0.9/24G      RAM: 0.9G  │
│                                                                              │
│  Summary          Value    Evaluate    18ms  39%    Losses            Value  │
│  Env              drone      GPU        3ms   6%    policy           -0.009  │
│  Params          151.0K      Env       12ms  25%    value             0.012  │
│  Steps            40.0M    Train       28ms  60%    entropy          -1.145  │
│  SPS               2.4M      Misc       2ms   4%    total             0.043  │
│  Epoch              610      Forwa…    26ms  56%    old_kl            0.009  │
│  Uptime    0d 0h 0m 14s                             kl                0.008  │
│  Remaini…          10ms                             clipfrac          0.513  │
│                                                                              │
│  User Stats                    Value    User Stats                    Value  │
│  perf                          0.967    score                       843.533  │
│  rings_passed                  0.000    ring_collisions               0.000  │
│  collisions                    0.000    oob                           0.008  │
│  timeout                       0.992    episode_return               56.794  │
│  episode_length             1017.470    ema_dist                      0.027  │
│  ema_vel                       0.066    ema_omega                     0.210  │
╰──────────────────────────────────────────────────────────────────────────────╯

[0;0H╭──────────────────────────────────────────────────────────────────────────────╮
│  PufferLib 4.0  🐡               GPU: 81%      VRAM: 0.9/24G      RAM: 0.9G  │
│                                                                              │
│  Summary          Value    Evaluate    18ms  39%    Losses            Value  │
│  Env              drone      GPU        3ms   6%    policy           -0.009  │
│  Params          151.0K      Env       12ms  25%    value             0.012  │
│  Steps            40.0M    Train       28ms  60%    entropy          -1.145  │
│  SPS               2.4M      Misc       2ms   4%    total             0.043  │
│  Epoch              610      Forwa…    26ms  56%    old_kl            0.009  │
│  Uptime    0d 0h 0m 14s                             kl                0.008  │
│  Remaini…          10ms                             clipfrac          0.513  │
│                                                                              │
│  User Stats                    Value    User Stats                    Value  │
│  perf                          0.966    score                       842.623  │
│  rings_passed                  0.000    ring_collisions               0.000  │
│  collisions                    0.000    oob                           0.009  │
│  timeout                       0.991    episode_return               56.733  │
│  episode_length             1016.712    ema_dist                      0.030  │
│  ema_vel                       0.070    ema_omega                     0.221  │
╰──────────────────────────────────────────────────────────────────────────────╯

[0;0H╭──────────────────────────────────────────────────────────────────────────────╮
│  PufferLib 4.0 🐡                GPU: 81%      VRAM: 0.9/24G      RAM: 0.9G  │
│                                                                              │
│  Summary          Value    Evaluate    18ms  39%    Losses            Value  │
│  Env              drone      GPU        3ms   6%    policy           -0.009  │
│  Params          151.0K      Env       12ms  25%    value             0.012  │
│  Steps            40.0M    Train       28ms  60%    entropy          -1.145  │
│  SPS               2.4M      Misc       2ms   4%    total             0.043  │
│  Epoch              610      Forwa…    26ms  56%    old_kl            0.009  │
│  Uptime    0d 0h 0m 14s                             kl                0.008  │
│  Remaini…          10ms                             clipfrac          0.513  │
│                                                                              │
│  User Stats                    Value    User Stats                    Value  │
│  perf                          0.966    score                       841.862  │
│  rings_passed                  0.000    ring_collisions               0.000  │
│  collisions                    0.000    oob                           0.009  │
│  timeout                       0.991    episode_return               56.682  │
│  episode_length             1016.089    ema_dist                      0.032  │
│  ema_vel                       0.074    ema_omega                     0.229  │
╰──────────────────────────────────────────────────────────────────────────────╯

[0;0H╭──────────────────────────────────────────────────────────────────────────────╮
│  PufferLib 4.0          🐡       GPU: 81%      VRAM: 0.9/24G      RAM: 0.9G  │
│                                                                              │
│  Summary          Value    Evaluate    18ms  39%    Losses            Value  │
│  Env              drone      GPU        3ms   6%    policy           -0.009  │
│  Params          151.0K      Env       12ms  25%    value             0.012  │
│  Steps            40.0M    Train       28ms  60%    entropy          -1.145  │
│  SPS               2.4M      Misc       2ms   4%    total             0.043  │
│  Epoch              610      Forwa…    26ms  56%    old_kl            0.009  │
│  Uptime    0d 0h 0m 14s                             kl                0.008  │
│  Remaini…          10ms                             clipfrac          0.513  │
│                                                                              │
│  User Stats                    Value    User Stats                    Value  │
│  perf                          0.965    score                       841.200  │
│  rings_passed                  0.000    ring_collisions               0.000  │
│  collisions                    0.000    oob                           0.010  │
│  timeout                       0.990    episode_return               56.648  │
│  episode_length             1015.503    ema_dist                      0.034  │
│  ema_vel                       0.078    ema_omega                     0.237  │
╰──────────────────────────────────────────────────────────────────────────────╯

[0;0H╭──────────────────────────────────────────────────────────────────────────────╮
│  PufferLib 4.0         🐡        GPU: 81%      VRAM: 0.9/24G      RAM: 0.9G  │
│                                                                              │
│  Summary          Value    Evaluate    18ms  39%    Losses            Value  │
│  Env              drone      GPU        3ms   6%    policy           -0.009  │
│  Params          151.0K      Env       12ms  25%    value             0.012  │
│  Steps            40.0M    Train       28ms  60%    entropy          -1.145  │
│  SPS               2.4M      Misc       2ms   4%    total             0.043  │
│  Epoch              610      Forwa…    26ms  56%    old_kl            0.009  │
│  Uptime    0d 0h 0m 14s                             kl                0.008  │
│  Remaini…          10ms                             clipfrac          0.513  │
│                                                                              │
│  User Stats                    Value    User Stats                    Value  │
│  perf                          0.964    score                       840.642  │
│  rings_passed                  0.000    ring_collisions               0.000  │
│  collisions                    0.000    oob                           0.011  │
│  timeout                       0.989    episode_return               56.616  │
│  episode_length             1014.915    ema_dist                      0.037  │
│  ema_vel                       0.081    ema_omega                     0.242  │
╰──────────────────────────────────────────────────────────────────────────────╯

[0;0H╭──────────────────────────────────────────────────────────────────────────────╮
│  PufferLib 4.0        🐡         GPU: 81%      VRAM: 0.9/24G      RAM: 0.9G  │
│                                                                              │
│  Summary          Value    Evaluate    18ms  39%    Losses            Value  │
│  Env              drone      GPU        3ms   6%    policy           -0.009  │
│  Params          151.0K      Env       12ms  25%    value             0.012  │
│  Steps            40.0M    Train       28ms  60%    entropy          -1.145  │
│  SPS               2.4M      Misc       2ms   4%    total             0.043  │
│  Epoch              610      Forwa…    26ms  56%    old_kl            0.009  │
│  Uptime    0d 0h 0m 14s                             kl                0.008  │
│  Remaini…          10ms                             clipfrac          0.513  │
│                                                                              │
│  User Stats                    Value    User Stats                    Value  │
│  perf                          0.963    score                       839.722  │
│  rings_passed                  0.000    ring_collisions               0.000  │
│  collisions                    0.000    oob                           0.012  │
│  timeout                       0.988    episode_return               56.544  │
│  episode_length             1014.160    ema_dist                      0.039  │
│  ema_vel                       0.086    ema_omega                     0.253  │
╰──────────────────────────────────────────────────────────────────────────────╯

[0;0H╭──────────────────────────────────────────────────────────────────────────────╮
│  PufferLib 4.0       🐡          GPU: 81%      VRAM: 0.9/24G      RAM: 0.9G  │
│                                                                              │
│  Summary          Value    Evaluate    18ms  39%    Losses            Value  │
│  Env              drone      GPU        3ms   6%    policy           -0.009  │
│  Params          151.0K      Env       12ms  25%    value             0.012  │
│  Steps            40.0M    Train       28ms  60%    entropy          -1.145  │
│  SPS               2.4M      Misc       2ms   4%    total             0.043  │
│  Epoch              610      Forwa…    26ms  56%    old_kl            0.009  │
│  Uptime    0d 0h 0m 14s                             kl                0.008  │
│  Remaini…          10ms                             clipfrac          0.513  │
│                                                                              │
│  User Stats                    Value    User Stats                    Value  │
│  perf                          0.963    score                       839.755  │
│  rings_passed                  0.000    ring_collisions               0.000  │
│  collisions                    0.000    oob                           0.012  │
│  timeout                       0.988    episode_return               56.543  │
│  episode_length             1014.084    ema_dist                      0.039  │
│  ema_vel                       0.086    ema_omega                     0.252  │
╰──────────────────────────────────────────────────────────────────────────────╯

[0;0H╭──────────────────────────────────────────────────────────────────────────────╮
│  PufferLib 4.0      🐡           GPU: 81%      VRAM: 0.9/24G      RAM: 0.9G  │
│                                                                              │
│  Summary          Value    Evaluate    18ms  39%    Losses            Value  │
│  Env              drone      GPU        3ms   6%    policy           -0.009  │
│  Params          151.0K      Env       12ms  25%    value             0.012  │
│  Steps            40.0M    Train       28ms  60%    entropy          -1.145  │
│  SPS               2.4M      Misc       2ms   4%    total             0.043  │
│  Epoch              610      Forwa…    26ms  56%    old_kl            0.009  │
│  Uptime    0d 0h 0m 14s                             kl                0.008  │
│  Remaini…          10ms                             clipfrac          0.513  │
│                                                                              │
│  User Stats                    Value    User Stats                    Value  │
│  perf                          0.964    score                       840.332  │
│  rings_passed                  0.000    ring_collisions               0.000  │
│  collisions                    0.000    oob                           0.011  │
│  timeout                       0.989    episode_return               56.588  │
│  episode_length             1014.431    ema_dist                      0.038  │
│  ema_vel                       0.084    ema_omega                     0.247  │
╰──────────────────────────────────────────────────────────────────────────────╯

[0;0H╭──────────────────────────────────────────────────────────────────────────────╮
│  PufferLib 4.0     🐡            GPU: 81%      VRAM: 0.9/24G      RAM: 0.9G  │
│                                                                              │
│  Summary          Value    Evaluate    18ms  39%    Losses            Value  │
│  Env              drone      GPU        3ms   6%    policy           -0.009  │
│  Params          151.0K      Env       12ms  25%    value             0.012  │
│  Steps            40.0M    Train       28ms  60%    entropy          -1.145  │
│  SPS               2.4M      Misc       2ms   4%    total             0.043  │
│  Epoch              610      Forwa…    26ms  56%    old_kl            0.009  │
│  Uptime    0d 0h 0m 14s                             kl                0.008  │
│  Remaini…          10ms                             clipfrac          0.513  │
│                                                                              │
│  User Stats                    Value    User Stats                    Value  │
│  perf                          0.963    score                       839.675  │
│  rings_passed                  0.000    ring_collisions               0.000  │
│  collisions                    0.000    oob                           0.012  │
│  timeout                       0.988    episode_return               56.543  │
│  episode_length             1013.776    ema_dist                      0.041  │
│  ema_vel                       0.088    ema_omega                     0.256  │
╰──────────────────────────────────────────────────────────────────────────────╯

[0;0H╭──────────────────────────────────────────────────────────────────────────────╮
│  PufferLib 4.0    🐡             GPU: 81%      VRAM: 0.9/24G      RAM: 0.9G  │
│                                                                              │
│  Summary          Value    Evaluate    18ms  39%    Losses            Value  │
│  Env              drone      GPU        3ms   6%    policy           -0.009  │
│  Params          151.0K      Env       12ms  25%    value             0.012  │
│  Steps            40.0M    Train       28ms  60%    entropy          -1.145  │
│  SPS               2.4M      Misc       2ms   4%    total             0.043  │
│  Epoch              610      Forwa…    26ms  56%    old_kl            0.009  │
│  Uptime    0d 0h 0m 14s                             kl                0.008  │
│  Remaini…          10ms                             clipfrac          0.513  │
│                                                                              │
│  User Stats                    Value    User Stats                    Value  │
│  perf                          0.963    score                       839.627  │
│  rings_passed                  0.000    ring_collisions               0.000  │
│  collisions                    0.000    oob                           0.012  │
│  timeout                       0.988    episode_return               56.532  │
│  episode_length             1013.696    ema_dist                      0.041  │
│  ema_vel                       0.089    ema_omega                     0.257  │
╰──────────────────────────────────────────────────────────────────────────────╯

[0;0H╭──────────────────────────────────────────────────────────────────────────────╮
│  PufferLib 4.0   🐡              GPU: 81%      VRAM: 0.9/24G      RAM: 0.9G  │
│                                                                              │
│  Summary          Value    Evaluate    18ms  39%    Losses            Value  │
│  Env              drone      GPU        3ms   6%    policy           -0.009  │
│  Params          151.0K      Env       12ms  25%    value             0.012  │
│  Steps            40.0M    Train       28ms  60%    entropy          -1.145  │
│  SPS               2.4M      Misc       2ms   4%    total             0.043  │
│  Epoch              610      Forwa…    26ms  56%    old_kl            0.009  │
│  Uptime    0d 0h 0m 14s                             kl                0.008  │
│  Remaini…          10ms                             clipfrac          0.513  │
│                                                                              │
│  User Stats                    Value    User Stats                    Value  │
│  perf                          0.961    score                       838.403  │
│  rings_passed                  0.000    ring_collisions               0.000  │
│  collisions                    0.000    oob                           0.014  │
│  timeout                       0.986    episode_return               56.445  │
│  episode_length             1012.654    ema_dist                      0.045  │
│  ema_vel                       0.096    ema_omega                     0.272  │
╰──────────────────────────────────────────────────────────────────────────────╯

[0;0H╭──────────────────────────────────────────────────────────────────────────────╮
│  PufferLib 4.0  🐡               GPU: 81%      VRAM: 0.9/24G      RAM: 0.9G  │
│                                                                              │
│  Summary          Value    Evaluate    18ms  39%    Losses            Value  │
│  Env              drone      GPU        3ms   6%    policy           -0.009  │
│  Params          151.0K      Env       12ms  25%    value             0.012  │
│  Steps            40.0M    Train       28ms  60%    entropy          -1.145  │
│  SPS               2.4M      Misc       2ms   4%    total             0.043  │
│  Epoch              610      Forwa…    26ms  56%    old_kl            0.009  │
│  Uptime    0d 0h 0m 14s                             kl                0.008  │
│  Remaini…          10ms                             clipfrac          0.513  │
│                                                                              │
│  User Stats                    Value    User Stats                    Value  │
│  perf                          0.960    score                       837.474  │
│  rings_passed                  0.000    ring_collisions               0.000  │
│  collisions                    0.000    oob                           0.015  │
│  timeout                       0.985    episode_return               56.374  │
│  episode_length             1011.634    ema_dist                      0.048  │
│  ema_vel                       0.102    ema_omega                     0.287  │
╰──────────────────────────────────────────────────────────────────────────────╯

[0;0H╭──────────────────────────────────────────────────────────────────────────────╮
│  PufferLib 4.0 🐡                GPU: 81%      VRAM: 0.9/24G      RAM: 0.9G  │
│                                                                              │
│  Summary          Value    Evaluate    18ms  39%    Losses            Value  │
│  Env              drone      GPU        3ms   6%    policy           -0.009  │
│  Params          151.0K      Env       12ms  25%    value             0.012  │
│  Steps            40.0M    Train       28ms  60%    entropy          -1.145  │
│  SPS               2.4M      Misc       2ms   4%    total             0.043  │
│  Epoch              610      Forwa…    26ms  56%    old_kl            0.009  │
│  Uptime    0d 0h 0m 14s                             kl                0.008  │
│  Remaini…          10ms                             clipfrac          0.513  │
│                                                                              │
│  User Stats                    Value    User Stats                    Value  │
│  perf                          0.960    score                       837.617  │
│  rings_passed                  0.000    ring_collisions               0.000  │
│  collisions                    0.000    oob                           0.015  │
│  timeout                       0.985    episode_return               56.386  │
│  episode_length             1011.803    ema_dist                      0.048  │
│  ema_vel                       0.101    ema_omega                     0.285  │
╰──────────────────────────────────────────────────────────────────────────────╯

[0;0H╭──────────────────────────────────────────────────────────────────────────────╮
│  PufferLib 4.0          🐡       GPU: 81%      VRAM: 0.9/24G      RAM: 0.9G  │
│                                                                              │
│  Summary          Value    Evaluate    18ms  39%    Losses            Value  │
│  Env              drone      GPU        3ms   6%    policy           -0.009  │
│  Params          151.0K      Env       12ms  25%    value             0.012  │
│  Steps            40.0M    Train       28ms  60%    entropy          -1.145  │
│  SPS               2.4M      Misc       2ms   4%    total             0.043  │
│  Epoch              610      Forwa…    26ms  56%    old_kl            0.009  │
│  Uptime    0d 0h 0m 14s                             kl                0.008  │
│  Remaini…          10ms                             clipfrac          0.513  │
│                                                                              │
│  User Stats                    Value    User Stats                    Value  │
│  perf                          0.960    score                       837.415  │
│  rings_passed                  0.000    ring_collisions               0.000  │
│  collisions                    0.000    oob                           0.015  │
│  timeout                       0.985    episode_return               56.370  │
│  episode_length             1011.507    ema_dist                      0.049  │
│  ema_vel                       0.103    ema_omega                     0.289  │
╰──────────────────────────────────────────────────────────────────────────────╯

[0;0H╭──────────────────────────────────────────────────────────────────────────────╮
│  PufferLib 4.0         🐡        GPU: 81%      VRAM: 0.9/24G      RAM: 0.9G  │
│                                                                              │
│  Summary          Value    Evaluate    18ms  39%    Losses            Value  │
│  Env              drone      GPU        3ms   6%    policy           -0.009  │
│  Params          151.0K      Env       12ms  25%    value             0.012  │
│  Steps            40.0M    Train       28ms  60%    entropy          -1.145  │
│  SPS               2.4M      Misc       2ms   4%    total             0.043  │
│  Epoch              610      Forwa…    26ms  56%    old_kl            0.009  │
│  Uptime    0d 0h 0m 14s                             kl                0.008  │
│  Remaini…          10ms                             clipfrac          0.513  │
│                                                                              │
│  User Stats                    Value    User Stats                    Value  │
│  perf                          0.960    score                       837.525  │
│  rings_passed                  0.000    ring_collisions               0.000  │
│  collisions                    0.000    oob                           0.015  │
│  timeout                       0.985    episode_return               56.376  │
│  episode_length             1011.594    ema_dist                      0.048  │
│  ema_vel                       0.103    ema_omega                     0.287  │
╰──────────────────────────────────────────────────────────────────────────────╯

[0;0H╭──────────────────────────────────────────────────────────────────────────────╮
│  PufferLib 4.0        🐡         GPU: 81%      VRAM: 0.9/24G      RAM: 0.9G  │
│                                                                              │
│  Summary          Value    Evaluate    18ms  39%    Losses            Value  │
│  Env              drone      GPU        3ms   6%    policy           -0.009  │
│  Params          151.0K      Env       12ms  25%    value             0.012  │
│  Steps            40.0M    Train       28ms  60%    entropy          -1.145  │
│  SPS               2.4M      Misc       2ms   4%    total             0.043  │
│  Epoch              610      Forwa…    26ms  56%    old_kl            0.009  │
│  Uptime    0d 0h 0m 14s                             kl                0.008  │
│  Remaini…          10ms                             clipfrac          0.513  │
│                                                                              │
│  User Stats                    Value    User Stats                    Value  │
│  perf                          0.960    score                       837.653  │
│  rings_passed                  0.000    ring_collisions               0.000  │
│  collisions                    0.000    oob                           0.015  │
│  timeout                       0.985    episode_return               56.383  │
│  episode_length             1011.680    ema_dist                      0.048  │
│  ema_vel                       0.102    ema_omega                     0.286  │
╰──────────────────────────────────────────────────────────────────────────────╯

[0;0H╭──────────────────────────────────────────────────────────────────────────────╮
│  PufferLib 4.0       🐡          GPU: 81%      VRAM: 0.9/24G      RAM: 0.9G  │
│                                                                              │
│  Summary          Value    Evaluate    18ms  39%    Losses            Value  │
│  Env              drone      GPU        3ms   6%    policy           -0.009  │
│  Params          151.0K      Env       12ms  25%    value             0.012  │
│  Steps            40.0M    Train       28ms  60%    entropy          -1.145  │
│  SPS               2.4M      Misc       2ms   4%    total             0.043  │
│  Epoch              610      Forwa…    26ms  56%    old_kl            0.009  │
│  Uptime    0d 0h 0m 14s                             kl                0.008  │
│  Remaini…          10ms                             clipfrac          0.513  │
│                                                                              │
│  User Stats                    Value    User Stats                    Value  │
│  perf                          0.959    score                       836.985  │
│  rings_passed                  0.000    ring_collisions               0.000  │
│  collisions                    0.000    oob                           0.016  │
│  timeout                       0.984    episode_return               56.333  │
│  episode_length             1010.990    ema_dist                      0.051  │
│  ema_vel                       0.106    ema_omega                     0.296  │
╰──────────────────────────────────────────────────────────────────────────────╯

[0;0H╭──────────────────────────────────────────────────────────────────────────────╮
│  PufferLib 4.0      🐡           GPU: 81%      VRAM: 0.9/24G      RAM: 0.9G  │
│                                                                              │
│  Summary          Value    Evaluate    18ms  39%    Losses            Value  │
│  Env              drone      GPU        3ms   6%    policy           -0.009  │
│  Params          151.0K      Env       12ms  25%    value             0.012  │
│  Steps            40.0M    Train       28ms  60%    entropy          -1.145  │
│  SPS               2.4M      Misc       2ms   4%    total             0.043  │
│  Epoch              610      Forwa…    26ms  56%    old_kl            0.009  │
│  Uptime    0d 0h 0m 14s                             kl                0.008  │
│  Remaini…          10ms                             clipfrac          0.513  │
│                                                                              │
│  User Stats                    Value    User Stats                    Value  │
│  perf                          0.960    score                       837.099  │
│  rings_passed                  0.000    ring_collisions               0.000  │
│  collisions                    0.000    oob                           0.016  │
│  timeout                       0.984    episode_return               56.340  │
│  episode_length             1011.091    ema_dist                      0.051  │
│  ema_vel                       0.105    ema_omega                     0.295  │
╰──────────────────────────────────────────────────────────────────────────────╯

[0;0H╭──────────────────────────────────────────────────────────────────────────────╮
│  PufferLib 4.0     🐡            GPU: 81%      VRAM: 0.9/24G      RAM: 0.9G  │
│                                                                              │
│  Summary          Value    Evaluate    18ms  39%    Losses            Value  │
│  Env              drone      GPU        3ms   6%    policy           -0.009  │
│  Params          151.0K      Env       12ms  25%    value             0.012  │
│  Steps            40.0M    Train       28ms  60%    entropy          -1.145  │
│  SPS               2.4M      Misc       2ms   4%    total             0.043  │
│  Epoch              610      Forwa…    26ms  56%    old_kl            0.009  │
│  Uptime    0d 0h 0m 14s                             kl                0.008  │
│  Remaini…          10ms                             clipfrac          0.513  │
│                                                                              │
│  User Stats                    Value    User Stats                    Value  │
│  perf                          0.960    score                       837.224  │
│  rings_passed                  0.000    ring_collisions               0.000  │
│  collisions                    0.000    oob                           0.015  │
│  timeout                       0.985    episode_return               56.349  │
│  episode_length             1011.215    ema_dist                      0.050  │
│  ema_vel                       0.105    ema_omega                     0.293  │
╰──────────────────────────────────────────────────────────────────────────────╯

[0;0H╭──────────────────────────────────────────────────────────────────────────────╮
│  PufferLib 4.0    🐡             GPU: 81%      VRAM: 0.9/24G      RAM: 0.9G  │
│                                                                              │
│  Summary          Value    Evaluate    18ms  39%    Losses            Value  │
│  Env              drone      GPU        3ms   6%    policy           -0.009  │
│  Params          151.0K      Env       12ms  25%    value             0.012  │
│  Steps            40.0M    Train       28ms  60%    entropy          -1.145  │
│  SPS               2.4M      Misc       2ms   4%    total             0.043  │
│  Epoch              610      Forwa…    26ms  56%    old_kl            0.009  │
│  Uptime    0d 0h 0m 14s                             kl                0.008  │
│  Remaini…          10ms                             clipfrac          0.513  │
│                                                                              │
│  User Stats                    Value    User Stats                    Value  │
│  perf                          0.960    score                       837.366  │
│  rings_passed                  0.000    ring_collisions               0.000  │
│  collisions                    0.000    oob                           0.015  │
│  timeout                       0.985    episode_return               56.358  │
│  episode_length             1011.331    ema_dist                      0.050  │
│  ema_vel                       0.104    ema_omega                     0.292  │
╰──────────────────────────────────────────────────────────────────────────────╯

[0;0H╭──────────────────────────────────────────────────────────────────────────────╮
│  PufferLib 4.0   🐡              GPU: 81%      VRAM: 0.9/24G      RAM: 0.9G  │
│                                                                              │
│  Summary          Value    Evaluate    18ms  39%    Losses            Value  │
│  Env              drone      GPU        3ms   6%    policy           -0.009  │
│  Params          151.0K      Env       12ms  25%    value             0.012  │
│  Steps            40.0M    Train       28ms  60%    entropy          -1.145  │
│  SPS               2.4M      Misc       2ms   4%    total             0.043  │
│  Epoch              610      Forwa…    26ms  56%    old_kl            0.009  │
│  Uptime    0d 0h 0m 14s                             kl                0.008  │
│  Remaini…          10ms                             clipfrac          0.513  │
│                                                                              │
│  User Stats                    Value    User Stats                    Value  │
│  perf                          0.960    score                       836.975  │
│  rings_passed                  0.000    ring_collisions               0.000  │
│  collisions                    0.000    oob                           0.016  │
│  timeout                       0.984    episode_return               56.333  │
│  episode_length             1011.112    ema_dist                      0.051  │
│  ema_vel                       0.105    ema_omega                     0.295  │
╰──────────────────────────────────────────────────────────────────────────────╯

[0;0H╭──────────────────────────────────────────────────────────────────────────────╮
│  PufferLib 4.0  🐡               GPU: 81%      VRAM: 0.9/24G      RAM: 0.9G  │
│                                                                              │
│  Summary          Value    Evaluate    18ms  39%    Losses            Value  │
│  Env              drone      GPU        3ms   6%    policy           -0.009  │
│  Params          151.0K      Env       12ms  25%    value             0.012  │
│  Steps            40.0M    Train       28ms  60%    entropy          -1.145  │
│  SPS               2.4M      Misc       2ms   4%    total             0.043  │
│  Epoch              610      Forwa…    26ms  56%    old_kl            0.009  │
│  Uptime    0d 0h 0m 14s                             kl                0.008  │
│  Remaini…          10ms                             clipfrac          0.513  │
│                                                                              │
│  User Stats                    Value    User Stats                    Value  │
│  perf                          0.960    score                       837.351  │
│  rings_passed                  0.000    ring_collisions               0.000  │
│  collisions                    0.000    oob                           0.015  │
│  timeout                       0.985    episode_return               56.361  │
│  episode_length             1011.350    ema_dist                      0.050  │
│  ema_vel                       0.104    ema_omega                     0.292  │
╰──────────────────────────────────────────────────────────────────────────────╯

[0;0H╭──────────────────────────────────────────────────────────────────────────────╮
│  PufferLib 4.0 🐡                GPU: 81%      VRAM: 0.9/24G      RAM: 0.9G  │
│                                                                              │
│  Summary          Value    Evaluate    18ms  39%    Losses            Value  │
│  Env              drone      GPU        3ms   6%    policy           -0.009  │
│  Params          151.0K      Env       12ms  25%    value             0.012  │
│  Steps            40.0M    Train       28ms  60%    entropy          -1.145  │
│  SPS               2.4M      Misc       2ms   4%    total             0.043  │
│  Epoch              610      Forwa…    26ms  56%    old_kl            0.009  │
│  Uptime    0d 0h 0m 14s                             kl                0.008  │
│  Remaini…          10ms                             clipfrac          0.513  │
│                                                                              │
│  User Stats                    Value    User Stats                    Value  │
│  perf                          0.960    score                       837.534  │
│  rings_passed                  0.000    ring_collisions               0.000  │
│  collisions                    0.000    oob                           0.015  │
│  timeout                       0.985    episode_return               56.380  │
│  episode_length             1011.630    ema_dist                      0.049  │
│  ema_vel                       0.102    ema_omega                     0.288  │
╰──────────────────────────────────────────────────────────────────────────────╯

[0;0H╭──────────────────────────────────────────────────────────────────────────────╮
│  PufferLib 4.0          🐡       GPU: 81%      VRAM: 0.9/24G      RAM: 0.9G  │
│                                                                              │
│  Summary          Value    Evaluate    18ms  39%    Losses            Value  │
│  Env              drone      GPU        3ms   6%    policy           -0.009  │
│  Params          151.0K      Env       12ms  25%    value             0.012  │
│  Steps            40.0M    Train       28ms  60%    entropy          -1.145  │
│  SPS               2.4M      Misc       2ms   4%    total             0.043  │
│  Epoch              610      Forwa…    26ms  56%    old_kl            0.009  │
│  Uptime    0d 0h 0m 14s                             kl                0.008  │
│  Remaini…          10ms                             clipfrac          0.513  │
│                                                                              │
│  User Stats                    Value    User Stats                    Value  │
│  perf                          0.961    score                       837.939  │
│  rings_passed                  0.000    ring_collisions               0.000  │
│  collisions                    0.000    oob                           0.015  │
│  timeout                       0.985    episode_return               56.415  │
│  episode_length             1011.935    ema_dist                      0.048  │
│  ema_vel                       0.100    ema_omega                     0.284  │
╰──────────────────────────────────────────────────────────────────────────────╯

[0;0H╭──────────────────────────────────────────────────────────────────────────────╮
│  PufferLib 4.0         🐡        GPU: 81%      VRAM: 0.9/24G      RAM: 0.9G  │
│                                                                              │
│  Summary          Value    Evaluate    18ms  39%    Losses            Value  │
│  Env              drone      GPU        3ms   6%    policy           -0.009  │
│  Params          151.0K      Env       12ms  25%    value             0.012  │
│  Steps            40.0M    Train       28ms  60%    entropy          -1.145  │
│  SPS               2.4M      Misc       2ms   4%    total             0.043  │
│  Epoch              610      Forwa…    26ms  56%    old_kl            0.009  │
│  Uptime    0d 0h 0m 14s                             kl                0.008  │
│  Remaini…          10ms                             clipfrac          0.513  │
│                                                                              │
│  User Stats                    Value    User Stats                    Value  │
│  perf                          0.961    score                       838.305  │
│  rings_passed                  0.000    ring_collisions               0.000  │
│  collisions                    0.000    oob                           0.014  │
│  timeout                       0.986    episode_return               56.442  │
│  episode_length             1012.301    ema_dist                      0.047  │
│  ema_vel                       0.097    ema_omega                     0.279  │
╰──────────────────────────────────────────────────────────────────────────────╯

[0;0H╭──────────────────────────────────────────────────────────────────────────────╮
│  PufferLib 4.0        🐡         GPU: 81%      VRAM: 0.9/24G      RAM: 0.9G  │
│                                                                              │
│  Summary          Value    Evaluate    18ms  39%    Losses            Value  │
│  Env              drone      GPU        3ms   6%    policy           -0.009  │
│  Params          151.0K      Env       12ms  25%    value             0.012  │
│  Steps            40.0M    Train       28ms  60%    entropy          -1.145  │
│  SPS               2.4M      Misc       2ms   4%    total             0.043  │
│  Epoch              610      Forwa…    26ms  56%    old_kl            0.009  │
│  Uptime    0d 0h 0m 14s                             kl                0.008  │
│  Remaini…          10ms                             clipfrac          0.513  │
│                                                                              │
│  User Stats                    Value    User Stats                    Value  │
│  perf                          0.961    score                       838.612  │
│  rings_passed                  0.000    ring_collisions               0.000  │
│  collisions                    0.000    oob                           0.014  │
│  timeout                       0.986    episode_return               56.470  │
│  episode_length             1012.752    ema_dist                      0.045  │
│  ema_vel                       0.094    ema_omega                     0.273  │
╰──────────────────────────────────────────────────────────────────────────────╯

[0;0H╭──────────────────────────────────────────────────────────────────────────────╮
│  PufferLib 4.0       🐡          GPU: 81%      VRAM: 0.9/24G      RAM: 0.9G  │
│                                                                              │
│  Summary          Value    Evaluate    18ms  39%    Losses            Value  │
│  Env              drone      GPU        3ms   6%    policy           -0.009  │
│  Params          151.0K      Env       12ms  25%    value             0.012  │
│  Steps            40.0M    Train       28ms  60%    entropy          -1.145  │
│  SPS               2.4M      Misc       2ms   4%    total             0.043  │
│  Epoch              610      Forwa…    26ms  56%    old_kl            0.009  │
│  Uptime    0d 0h 0m 14s                             kl                0.008  │
│  Remaini…          10ms                             clipfrac          0.513  │
│                                                                              │
│  User Stats                    Value    User Stats                    Value  │
│  perf                          0.961    score                       838.422  │
│  rings_passed                  0.000    ring_collisions               0.000  │
│  collisions                    0.000    oob                           0.014  │
│  timeout                       0.986    episode_return               56.459  │
│  episode_length             1012.515    ema_dist                      0.045  │
│  ema_vel                       0.096    ema_omega                     0.276  │
╰──────────────────────────────────────────────────────────────────────────────╯

[0;0H╭──────────────────────────────────────────────────────────────────────────────╮
│  PufferLib 4.0      🐡           GPU: 81%      VRAM: 0.9/24G      RAM: 0.9G  │
│                                                                              │
│  Summary          Value    Evaluate    18ms  39%    Losses            Value  │
│  Env              drone      GPU        3ms   6%    policy           -0.009  │
│  Params          151.0K      Env       12ms  25%    value             0.012  │
│  Steps            40.0M    Train       28ms  60%    entropy          -1.145  │
│  SPS               2.4M      Misc       2ms   4%    total             0.043  │
│  Epoch              610      Forwa…    26ms  56%    old_kl            0.009  │
│  Uptime    0d 0h 0m 14s                             kl                0.008  │
│  Remaini…          10ms                             clipfrac          0.513  │
│                                                                              │
│  User Stats                    Value    User Stats                    Value  │
│  perf                          0.961    score                       838.128  │
│  rings_passed                  0.000    ring_collisions               0.000  │
│  collisions                    0.000    oob                           0.014  │
│  timeout                       0.986    episode_return               56.446  │
│  episode_length             1012.445    ema_dist                      0.046  │
│  ema_vel                       0.097    ema_omega                     0.278  │
╰──────────────────────────────────────────────────────────────────────────────╯

[0;0H╭──────────────────────────────────────────────────────────────────────────────╮
│  PufferLib 4.0     🐡            GPU: 81%      VRAM: 0.9/24G      RAM: 0.9G  │
│                                                                              │
│  Summary          Value    Evaluate    18ms  39%    Losses            Value  │
│  Env              drone      GPU        3ms   6%    policy           -0.009  │
│  Params          151.0K      Env       12ms  25%    value             0.012  │
│  Steps            40.0M    Train       28ms  60%    entropy          -1.145  │
│  SPS               2.4M      Misc       2ms   4%    total             0.043  │
│  Epoch              610      Forwa…    26ms  56%    old_kl            0.009  │
│  Uptime    0d 0h 0m 14s                             kl                0.008  │
│  Remaini…          10ms                             clipfrac          0.513  │
│                                                                              │
│  User Stats                    Value    User Stats                    Value  │
│  perf                          0.961    score                       838.022  │
│  rings_passed                  0.000    ring_collisions               0.000  │
│  collisions                    0.000    oob                           0.014  │
│  timeout                       0.986    episode_return               56.444  │
│  episode_length             1012.579    ema_dist                      0.045  │
│  ema_vel                       0.096    ema_omega                     0.276  │
╰──────────────────────────────────────────────────────────────────────────────╯

[0;0H╭──────────────────────────────────────────────────────────────────────────────╮
│  PufferLib 4.0    🐡             GPU: 81%      VRAM: 0.9/24G      RAM: 0.9G  │
│                                                                              │
│  Summary          Value    Evaluate    18ms  39%    Losses            Value  │
│  Env              drone      GPU        3ms   6%    policy           -0.009  │
│  Params          151.0K      Env       12ms  25%    value             0.012  │
│  Steps            40.0M    Train       28ms  60%    entropy          -1.145  │
│  SPS               2.4M      Misc       2ms   4%    total             0.043  │
│  Epoch              610      Forwa…    26ms  56%    old_kl            0.009  │
│  Uptime    0d 0h 0m 14s                             kl                0.008  │
│  Remaini…          10ms                             clipfrac          0.513  │
│                                                                              │
│  User Stats                    Value    User Stats                    Value  │
│  perf                          0.961    score                       838.385  │
│  rings_passed                  0.000    ring_collisions               0.000  │
│  collisions                    0.000    oob                           0.014  │
│  timeout                       0.986    episode_return               56.463  │
│  episode_length             1012.744    ema_dist                      0.045  │
│  ema_vel                       0.094    ema_omega                     0.273  │
╰──────────────────────────────────────────────────────────────────────────────╯

[0;0H╭──────────────────────────────────────────────────────────────────────────────╮
│  PufferLib 4.0   🐡              GPU: 81%      VRAM: 0.9/24G      RAM: 0.9G  │
│                                                                              │
│  Summary          Value    Evaluate    18ms  39%    Losses            Value  │
│  Env              drone      GPU        3ms   6%    policy           -0.009  │
│  Params          151.0K      Env       12ms  25%    value             0.012  │
│  Steps            40.0M    Train       28ms  60%    entropy          -1.145  │
│  SPS               2.4M      Misc       2ms   4%    total             0.043  │
│  Epoch              610      Forwa…    26ms  56%    old_kl            0.009  │
│  Uptime    0d 0h 0m 14s                             kl                0.008  │
│  Remaini…          10ms                             clipfrac          0.513  │
│                                                                              │
│  User Stats                    Value    User Stats                    Value  │
│  perf                          0.961    score                       838.337  │
│  rings_passed                  0.000    ring_collisions               0.000  │
│  collisions                    0.000    oob                           0.014  │
│  timeout                       0.986    episode_return               56.457  │
│  episode_length             1012.669    ema_dist                      0.045  │
│  ema_vel                       0.095    ema_omega                     0.274  │
╰──────────────────────────────────────────────────────────────────────────────╯

[0;0H╭──────────────────────────────────────────────────────────────────────────────╮
│  PufferLib 4.0  🐡               GPU: 81%      VRAM: 0.9/24G      RAM: 0.9G  │
│                                                                              │
│  Summary          Value    Evaluate    18ms  39%    Losses            Value  │
│  Env              drone      GPU        3ms   6%    policy           -0.009  │
│  Params          151.0K      Env       12ms  25%    value             0.012  │
│  Steps            40.0M    Train       28ms  60%    entropy          -1.145  │
│  SPS               2.4M      Misc       2ms   4%    total             0.043  │
│  Epoch              610      Forwa…    26ms  56%    old_kl            0.009  │
│  Uptime    0d 0h 0m 14s                             kl                0.008  │
│  Remaini…          10ms                             clipfrac          0.513  │
│                                                                              │
│  User Stats                    Value    User Stats                    Value  │
│  perf                          0.962    score                       838.894  │
│  rings_passed                  0.000    ring_collisions               0.000  │
│  collisions                    0.000    oob                           0.013  │
│  timeout                       0.987    episode_return               56.493  │
│  episode_length             1013.101    ema_dist                      0.044  │
│  ema_vel                       0.092    ema_omega                     0.268  │
╰──────────────────────────────────────────────────────────────────────────────╯

[0;0H╭──────────────────────────────────────────────────────────────────────────────╮
│  PufferLib 4.0 🐡                GPU: 81%      VRAM: 0.9/24G      RAM: 0.9G  │
│                                                                              │
│  Summary          Value    Evaluate    18ms  39%    Losses            Value  │
│  Env              drone      GPU        3ms   6%    policy           -0.009  │
│  Params          151.0K      Env       12ms  25%    value             0.012  │
│  Steps            40.0M    Train       28ms  60%    entropy          -1.145  │
│  SPS               2.4M      Misc       2ms   4%    total             0.043  │
│  Epoch              610      Forwa…    26ms  56%    old_kl            0.009  │
│  Uptime    0d 0h 0m 14s                             kl                0.008  │
│  Remaini…          10ms                             clipfrac          0.513  │
│                                                                              │
│  User Stats                    Value    User Stats                    Value  │
│  perf                          0.962    score                       839.342  │
│  rings_passed                  0.000    ring_collisions               0.000  │
│  collisions                    0.000    oob                           0.013  │
│  timeout                       0.987    episode_return               56.533  │
│  episode_length             1013.485    ema_dist                      0.042  │
│  ema_vel                       0.089    ema_omega                     0.263  │
╰──────────────────────────────────────────────────────────────────────────────╯

[0;0H╭──────────────────────────────────────────────────────────────────────────────╮
│  PufferLib 4.0          🐡       GPU: 81%      VRAM: 0.9/24G      RAM: 0.9G  │
│                                                                              │
│  Summary          Value    Evaluate    18ms  39%    Losses            Value  │
│  Env              drone      GPU        3ms   6%    policy           -0.009  │
│  Params          151.0K      Env       12ms  25%    value             0.012  │
│  Steps            40.0M    Train       28ms  60%    entropy          -1.145  │
│  SPS               2.4M      Misc       2ms   4%    total             0.043  │
│  Epoch              610      Forwa…    26ms  56%    old_kl            0.009  │
│  Uptime    0d 0h 0m 14s                             kl                0.008  │
│  Remaini…          10ms                             clipfrac          0.513  │
│                                                                              │
│  User Stats                    Value    User Stats                    Value  │
│  perf                          0.962    score                       839.278  │
│  rings_passed                  0.000    ring_collisions               0.000  │
│  collisions                    0.000    oob                           0.013  │
│  timeout                       0.987    episode_return               56.525  │
│  episode_length             1013.305    ema_dist                      0.043  │
│  ema_vel                       0.091    ema_omega                     0.264  │
╰──────────────────────────────────────────────────────────────────────────────╯

[0;0H╭──────────────────────────────────────────────────────────────────────────────╮
│  PufferLib 4.0         🐡        GPU: 81%      VRAM: 0.9/24G      RAM: 0.9G  │
│                                                                              │
│  Summary          Value    Evaluate    18ms  39%    Losses            Value  │
│  Env              drone      GPU        3ms   6%    policy           -0.009  │
│  Params          151.0K      Env       12ms  25%    value             0.012  │
│  Steps            40.0M    Train       28ms  60%    entropy          -1.145  │
│  SPS               2.4M      Misc       2ms   4%    total             0.043  │
│  Epoch              610      Forwa…    26ms  56%    old_kl            0.009  │
│  Uptime    0d 0h 0m 14s                             kl                0.008  │
│  Remaini…          10ms                             clipfrac          0.513  │
│                                                                              │
│  User Stats                    Value    User Stats                    Value  │
│  perf                          0.962    score                       839.259  │
│  rings_passed                  0.000    ring_collisions               0.000  │
│  collisions                    0.000    oob                           0.013  │
│  timeout                       0.987    episode_return               56.523  │
│  episode_length             1013.407    ema_dist                      0.043  │
│  ema_vel                       0.090    ema_omega                     0.263  │
╰──────────────────────────────────────────────────────────────────────────────╯

[0;0H╭──────────────────────────────────────────────────────────────────────────────╮
│  PufferLib 4.0        🐡         GPU: 81%      VRAM: 0.9/24G      RAM: 0.9G  │
│                                                                              │
│  Summary          Value    Evaluate    18ms  39%    Losses            Value  │
│  Env              drone      GPU        3ms   6%    policy           -0.009  │
│  Params          151.0K      Env       12ms  25%    value             0.012  │
│  Steps            40.0M    Train       28ms  60%    entropy          -1.145  │
│  SPS               2.4M      Misc       2ms   4%    total             0.043  │
│  Epoch              610      Forwa…    26ms  56%    old_kl            0.009  │
│  Uptime    0d 0h 0m 14s                             kl                0.008  │
│  Remaini…          10ms                             clipfrac          0.513  │
│                                                                              │
│  User Stats                    Value    User Stats                    Value  │
│  perf                          0.962    score                       839.487  │
│  rings_passed                  0.000    ring_collisions               0.000  │
│  collisions                    0.000    oob                           0.013  │
│  timeout                       0.987    episode_return               56.538  │
│  episode_length             1013.465    ema_dist                      0.042  │
│  ema_vel                       0.090    ema_omega                     0.263  │
╰──────────────────────────────────────────────────────────────────────────────╯

[0;0H╭──────────────────────────────────────────────────────────────────────────────╮
│  PufferLib 4.0       🐡          GPU: 81%      VRAM: 0.9/24G      RAM: 0.9G  │
│                                                                              │
│  Summary          Value    Evaluate    18ms  39%    Losses            Value  │
│  Env              drone      GPU        3ms   6%    policy           -0.009  │
│  Params          151.0K      Env       12ms  25%    value             0.012  │
│  Steps            40.0M    Train       28ms  60%    entropy          -1.145  │
│  SPS               2.4M      Misc       2ms   4%    total             0.043  │
│  Epoch              610      Forwa…    26ms  56%    old_kl            0.009  │
│  Uptime    0d 0h 0m 14s                             kl                0.008  │
│  Remaini…          10ms                             clipfrac          0.513  │
│                                                                              │
│  User Stats                    Value    User Stats                    Value  │
│  perf                          0.962    score                       839.312  │
│  rings_passed                  0.000    ring_collisions               0.000  │
│  collisions                    0.000    oob                           0.013  │
│  timeout                       0.987    episode_return               56.522  │
│  episode_length             1013.243    ema_dist                      0.043  │
│  ema_vel                       0.091    ema_omega                     0.266  │
╰──────────────────────────────────────────────────────────────────────────────╯

[0;0H╭──────────────────────────────────────────────────────────────────────────────╮
│  PufferLib 4.0      🐡           GPU: 81%      VRAM: 0.9/24G      RAM: 0.9G  │
│                                                                              │
│  Summary          Value    Evaluate    18ms  39%    Losses            Value  │
│  Env              drone      GPU        3ms   6%    policy           -0.009  │
│  Params          151.0K      Env       12ms  25%    value             0.012  │
│  Steps            40.0M    Train       28ms  60%    entropy          -1.145  │
│  SPS               2.4M      Misc       2ms   4%    total             0.043  │
│  Epoch              610      Forwa…    26ms  56%    old_kl            0.009  │
│  Uptime    0d 0h 0m 14s                             kl                0.008  │
│  Remaini…          10ms                             clipfrac          0.513  │
│                                                                              │
│  User Stats                    Value    User Stats                    Value  │
│  perf                          0.962    score                       839.394  │
│  rings_passed                  0.000    ring_collisions               0.000  │
│  collisions                    0.000    oob                           0.013  │
│  timeout                       0.987    episode_return               56.528  │
│  episode_length             1013.389    ema_dist                      0.043  │
│  ema_vel                       0.090    ema_omega                     0.264  │
╰──────────────────────────────────────────────────────────────────────────────╯

[0;0H╭──────────────────────────────────────────────────────────────────────────────╮
│  PufferLib 4.0     🐡            GPU: 81%      VRAM: 0.9/24G      RAM: 0.9G  │
│                                                                              │
│  Summary          Value    Evaluate    18ms  39%    Losses            Value  │
│  Env              drone      GPU        3ms   6%    policy           -0.009  │
│  Params          151.0K      Env       12ms  25%    value             0.012  │
│  Steps            40.0M    Train       28ms  60%    entropy          -1.145  │
│  SPS               2.4M      Misc       2ms   4%    total             0.043  │
│  Epoch              610      Forwa…    26ms  56%    old_kl            0.009  │
│  Uptime    0d 0h 0m 14s                             kl                0.008  │
│  Remaini…          10ms                             clipfrac          0.513  │
│                                                                              │
│  User Stats                    Value    User Stats                    Value  │
│  perf                          0.962    score                       839.359  │
│  rings_passed                  0.000    ring_collisions               0.000  │
│  collisions                    0.000    oob                           0.013  │
│  timeout                       0.987    episode_return               56.527  │
│  episode_length             1013.354    ema_dist                      0.043  │
│  ema_vel                       0.091    ema_omega                     0.264  │
╰──────────────────────────────────────────────────────────────────────────────╯

[0;0H╭──────────────────────────────────────────────────────────────────────────────╮
│  PufferLib 4.0    🐡             GPU: 81%      VRAM: 0.9/24G      RAM: 0.9G  │
│                                                                              │
│  Summary          Value    Evaluate    18ms  39%    Losses            Value  │
│  Env              drone      GPU        3ms   6%    policy           -0.009  │
│  Params          151.0K      Env       12ms  25%    value             0.012  │
│  Steps            40.0M    Train       28ms  60%    entropy          -1.145  │
│  SPS               2.4M      Misc       2ms   4%    total             0.043  │
│  Epoch              610      Forwa…    26ms  56%    old_kl            0.009  │
│  Uptime    0d 0h 0m 14s                             kl                0.008  │
│  Remaini…          10ms                             clipfrac          0.513  │
│                                                                              │
│  User Stats                    Value    User Stats                    Value  │
│  perf                          0.962    score                       839.604  │
│  rings_passed                  0.000    ring_collisions               0.000  │
│  collisions                    0.000    oob                           0.013  │
│  timeout                       0.987    episode_return               56.545  │
│  episode_length             1013.524    ema_dist                      0.042  │
│  ema_vel                       0.090    ema_omega                     0.262  │
╰──────────────────────────────────────────────────────────────────────────────╯

[0;0H╭──────────────────────────────────────────────────────────────────────────────╮
│  PufferLib 4.0   🐡              GPU: 81%      VRAM: 0.9/24G      RAM: 0.9G  │
│                                                                              │
│  Summary          Value    Evaluate    18ms  39%    Losses            Value  │
│  Env              drone      GPU        3ms   6%    policy           -0.009  │
│  Params          151.0K      Env       12ms  25%    value             0.012  │
│  Steps            40.0M    Train       28ms  60%    entropy          -1.145  │
│  SPS               2.4M      Misc       2ms   4%    total             0.043  │
│  Epoch              610      Forwa…    26ms  56%    old_kl            0.009  │
│  Uptime    0d 0h 0m 14s                             kl                0.008  │
│  Remaini…          10ms                             clipfrac          0.513  │
│                                                                              │
│  User Stats                    Value    User Stats                    Value  │
│  perf                          0.962    score                       839.392  │
│  rings_passed                  0.000    ring_collisions               0.000  │
│  collisions                    0.000    oob                           0.013  │
│  timeout                       0.987    episode_return               56.533  │
│  episode_length             1013.460    ema_dist                      0.042  │
│  ema_vel                       0.090    ema_omega                     0.262  │
╰──────────────────────────────────────────────────────────────────────────────╯

[0;0H╭──────────────────────────────────────────────────────────────────────────────╮
│  PufferLib 4.0  🐡               GPU: 81%      VRAM: 0.9/24G      RAM: 0.9G  │
│                                                                              │
│  Summary          Value    Evaluate    18ms  39%    Losses            Value  │
│  Env              drone      GPU        3ms   6%    policy           -0.009  │
│  Params          151.0K      Env       12ms  25%    value             0.012  │
│  Steps            40.0M    Train       28ms  60%    entropy          -1.145  │
│  SPS               2.4M      Misc       2ms   4%    total             0.043  │
│  Epoch              610      Forwa…    26ms  56%    old_kl            0.009  │
│  Uptime    0d 0h 0m 14s                             kl                0.008  │
│  Remaini…          10ms                             clipfrac          0.513  │
│                                                                              │
│  User Stats                    Value    User Stats                    Value  │
│  perf                          0.962    score                       839.524  │
│  rings_passed                  0.000    ring_collisions               0.000  │
│  collisions                    0.000    oob                           0.012  │
│  timeout                       0.988    episode_return               56.545  │
│  episode_length             1013.629    ema_dist                      0.042  │
│  ema_vel                       0.089    ema_omega                     0.260  │
╰──────────────────────────────────────────────────────────────────────────────╯

[0;0H╭──────────────────────────────────────────────────────────────────────────────╮
│  PufferLib 4.0 🐡                GPU: 81%      VRAM: 0.9/24G      RAM: 0.9G  │
│                                                                              │
│  Summary          Value    Evaluate    18ms  39%    Losses            Value  │
│  Env              drone      GPU        3ms   6%    policy           -0.009  │
│  Params          151.0K      Env       12ms  25%    value             0.012  │
│  Steps            40.0M    Train       28ms  60%    entropy          -1.145  │
│  SPS               2.4M      Misc       2ms   4%    total             0.043  │
│  Epoch              610      Forwa…    26ms  56%    old_kl            0.009  │
│  Uptime    0d 0h 0m 14s                             kl                0.008  │
│  Remaini…          10ms                             clipfrac          0.513  │
│                                                                              │
│  User Stats                    Value    User Stats                    Value  │
│  perf                          0.963    score                       839.650  │
│  rings_passed                  0.000    ring_collisions               0.000  │
│  collisions                    0.000    oob                           0.012  │
│  timeout                       0.988    episode_return               56.556  │
│  episode_length             1013.755    ema_dist                      0.041  │
│  ema_vel                       0.088    ema_omega                     0.258  │
╰──────────────────────────────────────────────────────────────────────────────╯

[0;0H╭──────────────────────────────────────────────────────────────────────────────╮
│  PufferLib 4.0          🐡       GPU: 81%      VRAM: 0.9/24G      RAM: 0.9G  │
│                                                                              │
│  Summary          Value    Evaluate    18ms  39%    Losses            Value  │
│  Env              drone      GPU        3ms   6%    policy           -0.009  │
│  Params          151.0K      Env       12ms  25%    value             0.012  │
│  Steps            40.0M    Train       28ms  60%    entropy          -1.145  │
│  SPS               2.4M      Misc       2ms   4%    total             0.043  │
│  Epoch              610      Forwa…    26ms  56%    old_kl            0.009  │
│  Uptime    0d 0h 0m 14s                             kl                0.008  │
│  Remaini…          10ms                             clipfrac          0.513  │
│                                                                              │
│  User Stats                    Value    User Stats                    Value  │
│  perf                          0.962    score                       838.900  │
│  rings_passed                  0.000    ring_collisions               0.000  │
│  collisions                    0.000    oob                           0.013  │
│  timeout                       0.987    episode_return               56.498  │
│  episode_length             1013.039    ema_dist                      0.044  │
│  ema_vel                       0.093    ema_omega                     0.268  │
╰──────────────────────────────────────────────────────────────────────────────╯

[0;0H╭──────────────────────────────────────────────────────────────────────────────╮
│  PufferLib 4.0         🐡        GPU: 81%      VRAM: 0.9/24G      RAM: 0.9G  │
│                                                                              │
│  Summary          Value    Evaluate    18ms  39%    Losses            Value  │
│  Env              drone      GPU        3ms   6%    policy           -0.009  │
│  Params          151.0K      Env       12ms  25%    value             0.012  │
│  Steps            40.0M    Train       28ms  60%    entropy          -1.145  │
│  SPS               2.4M      Misc       2ms   4%    total             0.043  │
│  Epoch              610      Forwa…    26ms  56%    old_kl            0.009  │
│  Uptime    0d 0h 0m 14s                             kl                0.008  │
│  Remaini…          10ms                             clipfrac          0.513  │
│                                                                              │
│  User Stats                    Value    User Stats                    Value  │
│  perf                          0.962    score                       839.004  │
│  rings_passed                  0.000    ring_collisions               0.000  │
│  collisions                    0.000    oob                           0.013  │
│  timeout                       0.987    episode_return               56.507  │
│  episode_length             1013.112    ema_dist                      0.043  │
│  ema_vel                       0.092    ema_omega                     0.267  │
╰──────────────────────────────────────────────────────────────────────────────╯

[0;0H╭──────────────────────────────────────────────────────────────────────────────╮
│  PufferLib 4.0        🐡         GPU: 81%      VRAM: 0.9/24G      RAM: 0.9G  │
│                                                                              │
│  Summary          Value    Evaluate    18ms  39%    Losses            Value  │
│  Env              drone      GPU        3ms   6%    policy           -0.009  │
│  Params          151.0K      Env       12ms  25%    value             0.012  │
│  Steps            40.0M    Train       28ms  60%    entropy          -1.145  │
│  SPS               2.4M      Misc       2ms   4%    total             0.043  │
│  Epoch              610      Forwa…    26ms  56%    old_kl            0.009  │
│  Uptime    0d 0h 0m 14s                             kl                0.008  │
│  Remaini…          10ms                             clipfrac          0.513  │
│                                                                              │
│  User Stats                    Value    User Stats                    Value  │
│  perf                          0.962    score                       838.856  │
│  rings_passed                  0.000    ring_collisions               0.000  │
│  collisions                    0.000    oob                           0.013  │
│  timeout                       0.987    episode_return               56.497  │
│  episode_length             1012.974    ema_dist                      0.044  │
│  ema_vel                       0.093    ema_omega                     0.270  │
╰──────────────────────────────────────────────────────────────────────────────╯

[0;0H╭──────────────────────────────────────────────────────────────────────────────╮
│  PufferLib 4.0       🐡          GPU: 81%      VRAM: 0.9/24G      RAM: 0.9G  │
│                                                                              │
│  Summary          Value    Evaluate    18ms  39%    Losses            Value  │
│  Env              drone      GPU        3ms   6%    policy           -0.009  │
│  Params          151.0K      Env       12ms  25%    value             0.012  │
│  Steps            40.0M    Train       28ms  60%    entropy          -1.145  │
│  SPS               2.4M      Misc       2ms   4%    total             0.043  │
│  Epoch              610      Forwa…    26ms  56%    old_kl            0.009  │
│  Uptime    0d 0h 0m 14s                             kl                0.008  │
│  Remaini…          10ms                             clipfrac          0.513  │
│                                                                              │
│  User Stats                    Value    User Stats                    Value  │
│  perf                          0.962    score                       838.833  │
│  rings_passed                  0.000    ring_collisions               0.000  │
│  collisions                    0.000    oob                           0.013  │
│  timeout                       0.987    episode_return               56.496  │
│  episode_length             1013.009    ema_dist                      0.044  │
│  ema_vel                       0.093    ema_omega                     0.269  │
╰──────────────────────────────────────────────────────────────────────────────╯

[0;0H╭──────────────────────────────────────────────────────────────────────────────╮
│  PufferLib 4.0      🐡           GPU: 81%      VRAM: 0.9/24G      RAM: 0.9G  │
│                                                                              │
│  Summary          Value    Evaluate    18ms  39%    Losses            Value  │
│  Env              drone      GPU        3ms   6%    policy           -0.009  │
│  Params          151.0K      Env       12ms  25%    value             0.012  │
│  Steps            40.0M    Train       28ms  60%    entropy          -1.145  │
│  SPS               2.4M      Misc       2ms   4%    total             0.043  │
│  Epoch              610      Forwa…    26ms  56%    old_kl            0.009  │
│  Uptime    0d 0h 0m 14s                             kl                0.008  │
│  Remaini…          10ms                             clipfrac          0.513  │
│                                                                              │
│  User Stats                    Value    User Stats                    Value  │
│  perf                          0.961    score                       838.498  │
│  rings_passed                  0.000    ring_collisions               0.000  │
│  collisions                    0.000    oob                           0.014  │
│  timeout                       0.986    episode_return               56.471  │
│  episode_length             1012.647    ema_dist                      0.045  │
│  ema_vel                       0.095    ema_omega                     0.274  │
╰──────────────────────────────────────────────────────────────────────────────╯

[0;0H╭──────────────────────────────────────────────────────────────────────────────╮
│  PufferLib 4.0     🐡            GPU: 81%      VRAM: 0.9/24G      RAM: 0.9G  │
│                                                                              │
│  Summary          Value    Evaluate    18ms  39%    Losses            Value  │
│  Env              drone      GPU        3ms   6%    policy           -0.009  │
│  Params          151.0K      Env       12ms  25%    value             0.012  │
│  Steps            40.0M    Train       28ms  60%    entropy          -1.145  │
│  SPS               2.4M      Misc       2ms   4%    total             0.043  │
│  Epoch              610      Forwa…    26ms  56%    old_kl            0.009  │
│  Uptime    0d 0h 0m 14s                             kl                0.008  │
│  Remaini…          10ms                             clipfrac          0.513  │
│                                                                              │
│  User Stats                    Value    User Stats                    Value  │
│  perf                          0.961    score                       838.570  │
│  rings_passed                  0.000    ring_collisions               0.000  │
│  collisions                    0.000    oob                           0.014  │
│  timeout                       0.986    episode_return               56.475  │
│  episode_length             1012.686    ema_dist                      0.045  │
│  ema_vel                       0.095    ema_omega                     0.273  │
╰──────────────────────────────────────────────────────────────────────────────╯

[0;0H╭──────────────────────────────────────────────────────────────────────────────╮
│  PufferLib 4.0    🐡             GPU: 81%      VRAM: 0.9/24G      RAM: 0.9G  │
│                                                                              │
│  Summary          Value    Evaluate    18ms  39%    Losses            Value  │
│  Env              drone      GPU        3ms   6%    policy           -0.009  │
│  Params          151.0K      Env       12ms  25%    value             0.012  │
│  Steps            40.0M    Train       28ms  60%    entropy          -1.145  │
│  SPS               2.4M      Misc       2ms   4%    total             0.043  │
│  Epoch              610      Forwa…    26ms  56%    old_kl            0.009  │
│  Uptime    0d 0h 0m 14s                             kl                0.008  │
│  Remaini…          10ms                             clipfrac          0.513  │
│                                                                              │
│  User Stats                    Value    User Stats                    Value  │
│  perf                          0.961    score                       838.642  │
│  rings_passed                  0.000    ring_collisions               0.000  │
│  collisions                    0.000    oob                           0.014  │
│  timeout                       0.986    episode_return               56.481  │
│  episode_length             1012.729    ema_dist                      0.045  │
│  ema_vel                       0.095    ema_omega                     0.273  │
╰──────────────────────────────────────────────────────────────────────────────╯

[0;0H╭──────────────────────────────────────────────────────────────────────────────╮
│  PufferLib 4.0   🐡              GPU: 81%      VRAM: 0.9/24G      RAM: 0.9G  │
│                                                                              │
│  Summary          Value    Evaluate    18ms  39%    Losses            Value  │
│  Env              drone      GPU        3ms   6%    policy           -0.009  │
│  Params          151.0K      Env       12ms  25%    value             0.012  │
│  Steps            40.0M    Train       28ms  60%    entropy          -1.145  │
│  SPS               2.4M      Misc       2ms   4%    total             0.043  │
│  Epoch              610      Forwa…    26ms  56%    old_kl            0.009  │
│  Uptime    0d 0h 0m 14s                             kl                0.008  │
│  Remaini…          10ms                             clipfrac          0.513  │
│                                                                              │
│  User Stats                    Value    User Stats                    Value  │
│  perf                          0.962    score                       838.724  │
│  rings_passed                  0.000    ring_collisions               0.000  │
│  collisions                    0.000    oob                           0.014  │
│  timeout                       0.986    episode_return               56.485  │
│  episode_length             1012.784    ema_dist                      0.045  │
│  ema_vel                       0.094    ema_omega                     0.272  │
╰──────────────────────────────────────────────────────────────────────────────╯

[0;0H╭──────────────────────────────────────────────────────────────────────────────╮
│  PufferLib 4.0  🐡               GPU: 81%      VRAM: 0.9/24G      RAM: 0.9G  │
│                                                                              │
│  Summary          Value    Evaluate    18ms  39%    Losses            Value  │
│  Env              drone      GPU        3ms   6%    policy           -0.009  │
│  Params          151.0K      Env       12ms  25%    value             0.012  │
│  Steps            40.0M    Train       28ms  60%    entropy          -1.145  │
│  SPS               2.4M      Misc       2ms   4%    total             0.043  │
│  Epoch              610      Forwa…    26ms  56%    old_kl            0.009  │
│  Uptime    0d 0h 0m 14s                             kl                0.008  │
│  Remaini…          10ms                             clipfrac          0.513  │
│                                                                              │
│  User Stats                    Value    User Stats                    Value  │
│  perf                          0.962    score                       838.793  │
│  rings_passed                  0.000    ring_collisions               0.000  │
│  collisions                    0.000    oob                           0.013  │
│  timeout                       0.987    episode_return               56.489  │
│  episode_length             1012.835    ema_dist                      0.044  │
│  ema_vel                       0.094    ema_omega                     0.271  │
╰──────────────────────────────────────────────────────────────────────────────╯

[0;0H╭──────────────────────────────────────────────────────────────────────────────╮
│  PufferLib 4.0 🐡                GPU: 81%      VRAM: 0.9/24G      RAM: 0.9G  │
│                                                                              │
│  Summary          Value    Evaluate    18ms  39%    Losses            Value  │
│  Env              drone      GPU        3ms   6%    policy           -0.009  │
│  Params          151.0K      Env       12ms  25%    value             0.012  │
│  Steps            40.0M    Train       28ms  60%    entropy          -1.145  │
│  SPS               2.4M      Misc       2ms   4%    total             0.043  │
│  Epoch              610      Forwa…    26ms  56%    old_kl            0.009  │
│  Uptime    0d 0h 0m 14s                             kl                0.008  │
│  Remaini…          10ms                             clipfrac          0.513  │
│                                                                              │
│  User Stats                    Value    User Stats                    Value  │
│  perf                          0.962    score                       838.859  │
│  rings_passed                  0.000    ring_collisions               0.000  │
│  collisions                    0.000    oob                           0.013  │
│  timeout                       0.987    episode_return               56.496  │
│  episode_length             1012.909    ema_dist                      0.044  │
│  ema_vel                       0.094    ema_omega                     0.270  │
╰──────────────────────────────────────────────────────────────────────────────╯

[0;0H╭──────────────────────────────────────────────────────────────────────────────╮
│  PufferLib 4.0          🐡       GPU: 81%      VRAM: 0.9/24G      RAM: 0.9G  │
│                                                                              │
│  Summary          Value    Evaluate    18ms  39%    Losses            Value  │
│  Env              drone      GPU        3ms   6%    policy           -0.009  │
│  Params          151.0K      Env       12ms  25%    value             0.012  │
│  Steps            40.0M    Train       28ms  60%    entropy          -1.145  │
│  SPS               2.4M      Misc       2ms   4%    total             0.043  │
│  Epoch              610      Forwa…    26ms  56%    old_kl            0.009  │
│  Uptime    0d 0h 0m 14s                             kl                0.008  │
│  Remaini…          10ms                             clipfrac          0.513  │
│                                                                              │
│  User Stats                    Value    User Stats                    Value  │
│  perf                          0.962    score                       838.915  │
│  rings_passed                  0.000    ring_collisions               0.000  │
│  collisions                    0.000    oob                           0.013  │
│  timeout                       0.987    episode_return               56.501  │
│  episode_length             1013.004    ema_dist                      0.044  │
│  ema_vel                       0.093    ema_omega                     0.269  │
╰──────────────────────────────────────────────────────────────────────────────╯

[0;0H╭──────────────────────────────────────────────────────────────────────────────╮
│  PufferLib 4.0         🐡        GPU: 81%      VRAM: 0.9/24G      RAM: 0.9G  │
│                                                                              │
│  Summary          Value    Evaluate    18ms  39%    Losses            Value  │
│  Env              drone      GPU        3ms   6%    policy           -0.009  │
│  Params          151.0K      Env       12ms  25%    value             0.012  │
│  Steps            40.0M    Train       28ms  60%    entropy          -1.145  │
│  SPS               2.4M      Misc       2ms   4%    total             0.043  │
│  Epoch              610      Forwa…    26ms  56%    old_kl            0.009  │
│  Uptime    0d 0h 0m 14s                             kl                0.008  │
│  Remaini…          10ms                             clipfrac          0.513  │
│                                                                              │
│  User Stats                    Value    User Stats                    Value  │
│  perf                          0.962    score                       839.034  │
│  rings_passed                  0.000    ring_collisions               0.000  │
│  collisions                    0.000    oob                           0.013  │
│  timeout                       0.987    episode_return               56.510  │
│  episode_length             1013.130    ema_dist                      0.043  │
│  ema_vel                       0.092    ema_omega                     0.267  │
╰──────────────────────────────────────────────────────────────────────────────╯

[0;0H╭──────────────────────────────────────────────────────────────────────────────╮
│  PufferLib 4.0        🐡         GPU: 81%      VRAM: 0.9/24G      RAM: 0.9G  │
│                                                                              │
│  Summary          Value    Evaluate    18ms  39%    Losses            Value  │
│  Env              drone      GPU        3ms   6%    policy           -0.009  │
│  Params          151.0K      Env       12ms  25%    value             0.012  │
│  Steps            40.0M    Train       28ms  60%    entropy          -1.145  │
│  SPS               2.4M      Misc       2ms   4%    total             0.043  │
│  Epoch              610      Forwa…    26ms  56%    old_kl            0.009  │
│  Uptime    0d 0h 0m 14s                             kl                0.008  │
│  Remaini…          10ms                             clipfrac          0.513  │
│                                                                              │
│  User Stats                    Value    User Stats                    Value  │
│  perf                          0.962    score                       839.280  │
│  rings_passed                  0.000    ring_collisions               0.000  │
│  collisions                    0.000    oob                           0.013  │
│  timeout                       0.987    episode_return               56.527  │
│  episode_length             1013.265    ema_dist                      0.043  │
│  ema_vel                       0.091    ema_omega                     0.265  │
╰──────────────────────────────────────────────────────────────────────────────╯

[0;0H╭──────────────────────────────────────────────────────────────────────────────╮
│  PufferLib 4.0       🐡          GPU: 81%      VRAM: 0.9/24G      RAM: 0.9G  │
│                                                                              │
│  Summary          Value    Evaluate    18ms  39%    Losses            Value  │
│  Env              drone      GPU        3ms   6%    policy           -0.009  │
│  Params          151.0K      Env       12ms  25%    value             0.012  │
│  Steps            40.0M    Train       28ms  60%    entropy          -1.145  │
│  SPS               2.4M      Misc       2ms   4%    total             0.043  │
│  Epoch              610      Forwa…    26ms  56%    old_kl            0.009  │
│  Uptime    0d 0h 0m 14s                             kl                0.008  │
│  Remaini…          10ms                             clipfrac          0.513  │
│                                                                              │
│  User Stats                    Value    User Stats                    Value  │
│  perf                          0.962    score                       839.433  │
│  rings_passed                  0.000    ring_collisions               0.000  │
│  collisions                    0.000    oob                           0.013  │
│  timeout                       0.987    episode_return               56.542  │
│  episode_length             1013.436    ema_dist                      0.042  │
│  ema_vel                       0.090    ema_omega                     0.263  │
╰──────────────────────────────────────────────────────────────────────────────╯

[0;0H╭──────────────────────────────────────────────────────────────────────────────╮
│  PufferLib 4.0      🐡           GPU: 81%      VRAM: 0.9/24G      RAM: 0.9G  │
│                                                                              │
│  Summary          Value    Evaluate    18ms  39%    Losses            Value  │
│  Env              drone      GPU        3ms   6%    policy           -0.009  │
│  Params          151.0K      Env       12ms  25%    value             0.012  │
│  Steps            40.0M    Train       28ms  60%    entropy          -1.145  │
│  SPS               2.4M      Misc       2ms   4%    total             0.043  │
│  Epoch              610      Forwa…    26ms  56%    old_kl            0.009  │
│  Uptime    0d 0h 0m 14s                             kl                0.008  │
│  Remaini…          10ms                             clipfrac          0.513  │
│                                                                              │
│  User Stats                    Value    User Stats                    Value  │
│  perf                          0.963    score                       839.643  │
│  rings_passed                  0.000    ring_collisions               0.000  │
│  collisions                    0.000    oob                           0.012  │
│  timeout                       0.988    episode_return               56.562  │
│  episode_length             1013.656    ema_dist                      0.042  │
│  ema_vel                       0.089    ema_omega                     0.260  │
╰──────────────────────────────────────────────────────────────────────────────╯

[0;0H╭──────────────────────────────────────────────────────────────────────────────╮
│  PufferLib 4.0     🐡            GPU: 81%      VRAM: 0.9/24G      RAM: 0.9G  │
│                                                                              │
│  Summary          Value    Evaluate    18ms  39%    Losses            Value  │
│  Env              drone      GPU        3ms   6%    policy           -0.009  │
│  Params          151.0K      Env       12ms  25%    value             0.012  │
│  Steps            40.0M    Train       28ms  60%    entropy          -1.145  │
│  SPS               2.4M      Misc       2ms   4%    total             0.043  │
│  Epoch              610      Forwa…    26ms  56%    old_kl            0.009  │
│  Uptime    0d 0h 0m 14s                             kl                0.008  │
│  Remaini…          10ms                             clipfrac          0.513  │
│                                                                              │
│  User Stats                    Value    User Stats                    Value  │
│  perf                          0.963    score                       839.705  │
│  rings_passed                  0.000    ring_collisions               0.000  │
│  collisions                    0.000    oob                           0.012  │
│  timeout                       0.988    episode_return               56.566  │
│  episode_length             1013.693    ema_dist                      0.041  │
│  ema_vel                       0.088    ema_omega                     0.260  │
╰──────────────────────────────────────────────────────────────────────────────╯

[0;0H╭──────────────────────────────────────────────────────────────────────────────╮
│  PufferLib 4.0    🐡             GPU: 81%      VRAM: 0.9/24G      RAM: 0.9G  │
│                                                                              │
│  Summary          Value    Evaluate    18ms  39%    Losses            Value  │
│  Env              drone      GPU        3ms   6%    policy           -0.009  │
│  Params          151.0K      Env       12ms  25%    value             0.012  │
│  Steps            40.0M    Train       28ms  60%    entropy          -1.145  │
│  SPS               2.4M      Misc       2ms   4%    total             0.043  │
│  Epoch              610      Forwa…    26ms  56%    old_kl            0.009  │
│  Uptime    0d 0h 0m 14s                             kl                0.008  │
│  Remaini…          10ms                             clipfrac          0.513  │
│                                                                              │
│  User Stats                    Value    User Stats                    Value  │
│  perf                          0.963    score                       839.874  │
│  rings_passed                  0.000    ring_collisions               0.000  │
│  collisions                    0.000    oob                           0.012  │
│  timeout                       0.988    episode_return               56.578  │
│  episode_length             1013.966    ema_dist                      0.041  │
│  ema_vel                       0.087    ema_omega                     0.256  │
╰──────────────────────────────────────────────────────────────────────────────╯

[0;0H╭──────────────────────────────────────────────────────────────────────────────╮
│  PufferLib 4.0   🐡              GPU: 81%      VRAM: 0.9/24G      RAM: 0.9G  │
│                                                                              │
│  Summary          Value    Evaluate    18ms  39%    Losses            Value  │
│  Env              drone      GPU        3ms   6%    policy           -0.009  │
│  Params          151.0K      Env       12ms  25%    value             0.012  │
│  Steps            40.0M    Train       28ms  60%    entropy          -1.145  │
│  SPS               2.4M      Misc       2ms   4%    total             0.043  │
│  Epoch              610      Forwa…    26ms  56%    old_kl            0.009  │
│  Uptime    0d 0h 0m 14s                             kl                0.008  │
│  Remaini…          10ms                             clipfrac          0.513  │
│                                                                              │
│  User Stats                    Value    User Stats                    Value  │
│  perf                          0.963    score                       839.892  │
│  rings_passed                  0.000    ring_collisions               0.000  │
│  collisions                    0.000    oob                           0.012  │
│  timeout                       0.988    episode_return               56.582  │
│  episode_length             1014.009    ema_dist                      0.040  │
│  ema_vel                       0.086    ema_omega                     0.256  │
╰──────────────────────────────────────────────────────────────────────────────╯

[0;0H╭──────────────────────────────────────────────────────────────────────────────╮
│  PufferLib 4.0  🐡               GPU: 81%      VRAM: 0.9/24G      RAM: 0.9G  │
│                                                                              │
│  Summary          Value    Evaluate    18ms  39%    Losses            Value  │
│  Env              drone      GPU        3ms   6%    policy           -0.009  │
│  Params          151.0K      Env       12ms  25%    value             0.012  │
│  Steps            40.0M    Train       28ms  60%    entropy          -1.145  │
│  SPS               2.4M      Misc       2ms   4%    total             0.043  │
│  Epoch              610      Forwa…    26ms  56%    old_kl            0.009  │
│  Uptime    0d 0h 0m 14s                             kl                0.008  │
│  Remaini…          10ms                             clipfrac          0.513  │
│                                                                              │
│  User Stats                    Value    User Stats                    Value  │
│  perf                          0.963    score                       840.226  │
│  rings_passed                  0.000    ring_collisions               0.000  │
│  collisions                    0.000    oob                           0.012  │
│  timeout                       0.988    episode_return               56.605  │
│  episode_length             1014.230    ema_dist                      0.040  │
│  ema_vel                       0.085    ema_omega                     0.253  │
╰──────────────────────────────────────────────────────────────────────────────╯

[0;0H╭──────────────────────────────────────────────────────────────────────────────╮
│  PufferLib 4.0 🐡                GPU: 81%      VRAM: 0.9/24G      RAM: 0.9G  │
│                                                                              │
│  Summary          Value    Evaluate    18ms  39%    Losses            Value  │
│  Env              drone      GPU        3ms   6%    policy           -0.009  │
│  Params          151.0K      Env       12ms  25%    value             0.012  │
│  Steps            40.0M    Train       28ms  60%    entropy          -1.145  │
│  SPS               2.4M      Misc       2ms   4%    total             0.043  │
│  Epoch              610      Forwa…    26ms  56%    old_kl            0.009  │
│  Uptime    0d 0h 0m 14s                             kl                0.008  │
│  Remaini…          10ms                             clipfrac          0.513  │
│                                                                              │
│  User Stats                    Value    User Stats                    Value  │
│  perf                          0.964    score                       840.389  │
│  rings_passed                  0.000    ring_collisions               0.000  │
│  collisions                    0.000    oob                           0.011  │
│  timeout                       0.989    episode_return               56.615  │
│  episode_length             1014.475    ema_dist                      0.039  │
│  ema_vel                       0.083    ema_omega                     0.250  │
╰──────────────────────────────────────────────────────────────────────────────╯

[0;0H╭──────────────────────────────────────────────────────────────────────────────╮
│  PufferLib 4.0          🐡       GPU: 81%      VRAM: 0.9/24G      RAM: 0.9G  │
│                                                                              │
│  Summary          Value    Evaluate    18ms  39%    Losses            Value  │
│  Env              drone      GPU        3ms   6%    policy           -0.009  │
│  Params          151.0K      Env       12ms  25%    value             0.012  │
│  Steps            40.0M    Train       28ms  60%    entropy          -1.145  │
│  SPS               2.4M      Misc       2ms   4%    total             0.043  │
│  Epoch              610      Forwa…    26ms  56%    old_kl            0.009  │
│  Uptime    0d 0h 0m 14s                             kl                0.008  │
│  Remaini…          10ms                             clipfrac          0.513  │
│                                                                              │
│  User Stats                    Value    User Stats                    Value  │
│  perf                          0.964    score                       840.673  │
│  rings_passed                  0.000    ring_collisions               0.000  │
│  collisions                    0.000    oob                           0.011  │
│  timeout                       0.989    episode_return               56.633  │
│  episode_length             1014.692    ema_dist                      0.038  │
│  ema_vel                       0.082    ema_omega                     0.247  │
╰──────────────────────────────────────────────────────────────────────────────╯

[0;0H╭──────────────────────────────────────────────────────────────────────────────╮
│  PufferLib 4.0         🐡        GPU: 81%      VRAM: 0.9/24G      RAM: 0.9G  │
│                                                                              │
│  Summary          Value    Evaluate    18ms  39%    Losses            Value  │
│  Env              drone      GPU        3ms   6%    policy           -0.009  │
│  Params          151.0K      Env       12ms  25%    value             0.012  │
│  Steps            40.0M    Train       28ms  60%    entropy          -1.145  │
│  SPS               2.4M      Misc       2ms   4%    total             0.043  │
│  Epoch              610      Forwa…    26ms  56%    old_kl            0.009  │
│  Uptime    0d 0h 0m 14s                             kl                0.008  │
│  Remaini…          10ms                             clipfrac          0.513  │
│                                                                              │
│  User Stats                    Value    User Stats                    Value  │
│  perf                          0.964    score                       840.533  │
│  rings_passed                  0.000    ring_collisions               0.000  │
│  collisions                    0.000    oob                           0.011  │
│  timeout                       0.989    episode_return               56.624  │
│  episode_length             1014.567    ema_dist                      0.038  │
│  ema_vel                       0.083    ema_omega                     0.248  │
╰──────────────────────────────────────────────────────────────────────────────╯

[0;0H╭──────────────────────────────────────────────────────────────────────────────╮
│  PufferLib 4.0        🐡         GPU: 81%      VRAM: 0.9/24G      RAM: 0.9G  │
│                                                                              │
│  Summary          Value    Evaluate    18ms  39%    Losses            Value  │
│  Env              drone      GPU        3ms   6%    policy           -0.009  │
│  Params          151.0K      Env       12ms  25%    value             0.012  │
│  Steps            40.0M    Train       28ms  60%    entropy          -1.145  │
│  SPS               2.4M      Misc       2ms   4%    total             0.043  │
│  Epoch              610      Forwa…    26ms  56%    old_kl            0.009  │
│  Uptime    0d 0h 0m 14s                             kl                0.008  │
│  Remaini…          10ms                             clipfrac          0.513  │
│                                                                              │
│  User Stats                    Value    User Stats                    Value  │
│  perf                          0.964    score                       840.655  │
│  rings_passed                  0.000    ring_collisions               0.000  │
│  collisions                    0.000    oob                           0.011  │
│  timeout                       0.989    episode_return               56.633  │
│  episode_length             1014.742    ema_dist                      0.038  │
│  ema_vel                       0.082    ema_omega                     0.246  │
╰──────────────────────────────────────────────────────────────────────────────╯

[0;0H╭──────────────────────────────────────────────────────────────────────────────╮
│  PufferLib 4.0       🐡          GPU: 81%      VRAM: 0.9/24G      RAM: 0.9G  │
│                                                                              │
│  Summary          Value    Evaluate    18ms  39%    Losses            Value  │
│  Env              drone      GPU        3ms   6%    policy           -0.009  │
│  Params          151.0K      Env       12ms  25%    value             0.012  │
│  Steps            40.0M    Train       28ms  60%    entropy          -1.145  │
│  SPS               2.4M      Misc       2ms   4%    total             0.043  │
│  Epoch              610      Forwa…    26ms  56%    old_kl            0.009  │
│  Uptime    0d 0h 0m 14s                             kl                0.008  │
│  Remaini…          10ms                             clipfrac          0.513  │
│                                                                              │
│  User Stats                    Value    User Stats                    Value  │
│  perf                          0.964    score                       840.715  │
│  rings_passed                  0.000    ring_collisions               0.000  │
│  collisions                    0.000    oob                           0.011  │
│  timeout                       0.989    episode_return               56.635  │
│  episode_length             1014.773    ema_dist                      0.038  │
│  ema_vel                       0.082    ema_omega                     0.246  │
╰──────────────────────────────────────────────────────────────────────────────╯

[0;0H╭──────────────────────────────────────────────────────────────────────────────╮
│  PufferLib 4.0      🐡           GPU: 81%      VRAM: 0.9/24G      RAM: 0.9G  │
│                                                                              │
│  Summary          Value    Evaluate    18ms  39%    Losses            Value  │
│  Env              drone      GPU        3ms   6%    policy           -0.009  │
│  Params          151.0K      Env       12ms  25%    value             0.012  │
│  Steps            40.0M    Train       28ms  60%    entropy          -1.145  │
│  SPS               2.4M      Misc       2ms   4%    total             0.043  │
│  Epoch              610      Forwa…    26ms  56%    old_kl            0.009  │
│  Uptime    0d 0h 0m 14s                             kl                0.008  │
│  Remaini…          10ms                             clipfrac          0.513  │
│                                                                              │
│  User Stats                    Value    User Stats                    Value  │
│  perf                          0.964    score                       840.909  │
│  rings_passed                  0.000    ring_collisions               0.000  │
│  collisions                    0.000    oob                           0.011  │
│  timeout                       0.989    episode_return               56.648  │
│  episode_length             1014.938    ema_dist                      0.037  │
│  ema_vel                       0.081    ema_omega                     0.243  │
╰──────────────────────────────────────────────────────────────────────────────╯

[0;0H╭──────────────────────────────────────────────────────────────────────────────╮
│  PufferLib 4.0     🐡            GPU: 81%      VRAM: 0.9/24G      RAM: 0.9G  │
│                                                                              │
│  Summary          Value    Evaluate    18ms  39%    Losses            Value  │
│  Env              drone      GPU        3ms   6%    policy           -0.009  │
│  Params          151.0K      Env       12ms  25%    value             0.012  │
│  Steps            40.0M    Train       28ms  60%    entropy          -1.145  │
│  SPS               2.4M      Misc       2ms   4%    total             0.043  │
│  Epoch              610      Forwa…    26ms  56%    old_kl            0.009  │
│  Uptime    0d 0h 0m 14s                             kl                0.008  │
│  Remaini…          10ms                             clipfrac          0.513  │
│                                                                              │
│  User Stats                    Value    User Stats                    Value  │
│  perf                          0.964    score                       841.107  │
│  rings_passed                  0.000    ring_collisions               0.000  │
│  collisions                    0.000    oob                           0.011  │
│  timeout                       0.989    episode_return               56.662  │
│  episode_length             1015.068    ema_dist                      0.037  │
│  ema_vel                       0.080    ema_omega                     0.242  │
╰──────────────────────────────────────────────────────────────────────────────╯

[0;0H╭──────────────────────────────────────────────────────────────────────────────╮
│  PufferLib 4.0    🐡             GPU: 81%      VRAM: 0.9/24G      RAM: 0.9G  │
│                                                                              │
│  Summary          Value    Evaluate    18ms  39%    Losses            Value  │
│  Env              drone      GPU        3ms   6%    policy           -0.009  │
│  Params          151.0K      Env       12ms  25%    value             0.012  │
│  Steps            40.0M    Train       28ms  60%    entropy          -1.145  │
│  SPS               2.4M      Misc       2ms   4%    total             0.043  │
│  Epoch              610      Forwa…    26ms  56%    old_kl            0.009  │
│  Uptime    0d 0h 0m 14s                             kl                0.008  │
│  Remaini…          10ms                             clipfrac          0.513  │
│                                                                              │
│  User Stats                    Value    User Stats                    Value  │
│  perf                          0.964    score                       840.698  │
│  rings_passed                  0.000    ring_collisions               0.000  │
│  collisions                    0.000    oob                           0.011  │
│  timeout                       0.989    episode_return               56.635  │
│  episode_length             1014.725    ema_dist                      0.038  │
│  ema_vel                       0.082    ema_omega                     0.246  │
╰──────────────────────────────────────────────────────────────────────────────╯

[0;0H╭──────────────────────────────────────────────────────────────────────────────╮
│  PufferLib 4.0   🐡              GPU: 81%      VRAM: 0.9/24G      RAM: 0.9G  │
│                                                                              │
│  Summary          Value    Evaluate    18ms  39%    Losses            Value  │
│  Env              drone      GPU        3ms   6%    policy           -0.009  │
│  Params          151.0K      Env       12ms  25%    value             0.012  │
│  Steps            40.0M    Train       28ms  60%    entropy          -1.145  │
│  SPS               2.4M      Misc       2ms   4%    total             0.043  │
│  Epoch              610      Forwa…    26ms  56%    old_kl            0.009  │
│  Uptime    0d 0h 0m 14s                             kl                0.008  │
│  Remaini…          10ms                             clipfrac          0.513  │
│                                                                              │
│  User Stats                    Value    User Stats                    Value  │
│  perf                          0.963    score                       840.210  │
│  rings_passed                  0.000    ring_collisions               0.000  │
│  collisions                    0.000    oob                           0.012  │
│  timeout                       0.988    episode_return               56.598  │
│  episode_length             1014.272    ema_dist                      0.039  │
│  ema_vel                       0.084    ema_omega                     0.252  │
╰──────────────────────────────────────────────────────────────────────────────╯

[0;0H╭──────────────────────────────────────────────────────────────────────────────╮
│  PufferLib 4.0  🐡               GPU: 81%      VRAM: 0.9/24G      RAM: 0.9G  │
│                                                                              │
│  Summary          Value    Evaluate    18ms  39%    Losses            Value  │
│  Env              drone      GPU        3ms   6%    policy           -0.009  │
│  Params          151.0K      Env       12ms  25%    value             0.012  │
│  Steps            40.0M    Train       28ms  60%    entropy          -1.145  │
│  SPS               2.4M      Misc       2ms   4%    total             0.043  │
│  Epoch              610      Forwa…    26ms  56%    old_kl            0.009  │
│  Uptime    0d 0h 0m 14s                             kl                0.008  │
│  Remaini…          10ms                             clipfrac          0.513  │
│                                                                              │
│  User Stats                    Value    User Stats                    Value  │
│  perf                          0.963    score                       840.347  │
│  rings_passed                  0.000    ring_collisions               0.000  │
│  collisions                    0.000    oob                           0.012  │
│  timeout                       0.988    episode_return               56.607  │
│  episode_length             1014.372    ema_dist                      0.039  │
│  ema_vel                       0.084    ema_omega                     0.250  │
╰──────────────────────────────────────────────────────────────────────────────╯

[0;0H╭──────────────────────────────────────────────────────────────────────────────╮
│  PufferLib 4.0 🐡                GPU: 81%      VRAM: 0.9/24G      RAM: 0.9G  │
│                                                                              │
│  Summary          Value    Evaluate    18ms  39%    Losses            Value  │
│  Env              drone      GPU        3ms   6%    policy           -0.009  │
│  Params          151.0K      Env       12ms  25%    value             0.012  │
│  Steps            40.0M    Train       28ms  60%    entropy          -1.145  │
│  SPS               2.4M      Misc       2ms   4%    total             0.043  │
│  Epoch              610      Forwa…    26ms  56%    old_kl            0.009  │
│  Uptime    0d 0h 0m 14s                             kl                0.008  │
│  Remaini…          10ms                             clipfrac          0.513  │
│                                                                              │
│  User Stats                    Value    User Stats                    Value  │
│  perf                          0.963    score                       840.289  │
│  rings_passed                  0.000    ring_collisions               0.000  │
│  collisions                    0.000    oob                           0.012  │
│  timeout                       0.988    episode_return               56.602  │
│  episode_length             1014.325    ema_dist                      0.039  │
│  ema_vel                       0.084    ema_omega                     0.250  │
╰──────────────────────────────────────────────────────────────────────────────╯

[0;0H╭──────────────────────────────────────────────────────────────────────────────╮
│  PufferLib 4.0          🐡       GPU: 81%      VRAM: 0.9/24G      RAM: 0.9G  │
│                                                                              │
│  Summary          Value    Evaluate    18ms  39%    Losses            Value  │
│  Env              drone      GPU        3ms   6%    policy           -0.009  │
│  Params          151.0K      Env       12ms  25%    value             0.012  │
│  Steps            40.0M    Train       28ms  60%    entropy          -1.145  │
│  SPS               2.4M      Misc       2ms   4%    total             0.043  │
│  Epoch              610      Forwa…    26ms  56%    old_kl            0.009  │
│  Uptime    0d 0h 0m 14s                             kl                0.008  │
│  Remaini…          10ms                             clipfrac          0.513  │
│                                                                              │
│  User Stats                    Value    User Stats                    Value  │
│  perf                          0.963    score                       840.316  │
│  rings_passed                  0.000    ring_collisions               0.000  │
│  collisions                    0.000    oob                           0.012  │
│  timeout                       0.988    episode_return               56.604  │
│  episode_length             1014.427    ema_dist                      0.039  │
│  ema_vel                       0.083    ema_omega                     0.249  │
╰──────────────────────────────────────────────────────────────────────────────╯

[0;0H╭──────────────────────────────────────────────────────────────────────────────╮
│  PufferLib 4.0         🐡        GPU: 81%      VRAM: 0.9/24G      RAM: 0.9G  │
│                                                                              │
│  Summary          Value    Evaluate    18ms  39%    Losses            Value  │
│  Env              drone      GPU        3ms   6%    policy           -0.009  │
│  Params          151.0K      Env       12ms  25%    value             0.012  │
│  Steps            40.0M    Train       28ms  60%    entropy          -1.145  │
│  SPS               2.4M      Misc       2ms   4%    total             0.043  │
│  Epoch              610      Forwa…    26ms  56%    old_kl            0.009  │
│  Uptime    0d 0h 0m 14s                             kl                0.008  │
│  Remaini…          10ms                             clipfrac          0.513  │
│                                                                              │
│  User Stats                    Value    User Stats                    Value  │
│  perf                          0.963    score                       840.145  │
│  rings_passed                  0.000    ring_collisions               0.000  │
│  collisions                    0.000    oob                           0.012  │
│  timeout                       0.988    episode_return               56.592  │
│  episode_length             1014.235    ema_dist                      0.040  │
│  ema_vel                       0.085    ema_omega                     0.251  │
╰──────────────────────────────────────────────────────────────────────────────╯

[0;0H╭──────────────────────────────────────────────────────────────────────────────╮
│  PufferLib 4.0        🐡         GPU: 81%      VRAM: 0.9/24G      RAM: 0.9G  │
│                                                                              │
│  Summary          Value    Evaluate    18ms  39%    Losses            Value  │
│  Env              drone      GPU        3ms   6%    policy           -0.009  │
│  Params          151.0K      Env       12ms  25%    value             0.012  │
│  Steps            40.0M    Train       28ms  60%    entropy          -1.145  │
│  SPS               2.4M      Misc       2ms   4%    total             0.043  │
│  Epoch              610      Forwa…    26ms  56%    old_kl            0.009  │
│  Uptime    0d 0h 0m 14s                             kl                0.008  │
│  Remaini…          10ms                             clipfrac          0.513  │
│                                                                              │
│  User Stats                    Value    User Stats                    Value  │
│  perf                          0.963    score                       840.045  │
│  rings_passed                  0.000    ring_collisions               0.000  │
│  collisions                    0.000    oob                           0.012  │
│  timeout                       0.988    episode_return               56.587  │
│  episode_length             1014.180    ema_dist                      0.040  │
│  ema_vel                       0.085    ema_omega                     0.251  │
╰──────────────────────────────────────────────────────────────────────────────╯

[0;0H╭──────────────────────────────────────────────────────────────────────────────╮
│  PufferLib 4.0       🐡          GPU: 81%      VRAM: 0.9/24G      RAM: 0.9G  │
│                                                                              │
│  Summary          Value    Evaluate    18ms  39%    Losses            Value  │
│  Env              drone      GPU        3ms   6%    policy           -0.009  │
│  Params          151.0K      Env       12ms  25%    value             0.012  │
│  Steps            40.0M    Train       28ms  60%    entropy          -1.145  │
│  SPS               2.4M      Misc       2ms   4%    total             0.043  │
│  Epoch              610      Forwa…    26ms  56%    old_kl            0.009  │
│  Uptime    0d 0h 0m 14s                             kl                0.008  │
│  Remaini…          10ms                             clipfrac          0.513  │
│                                                                              │
│  User Stats                    Value    User Stats                    Value  │
│  perf                          0.963    score                       840.111  │
│  rings_passed                  0.000    ring_collisions               0.000  │
│  collisions                    0.000    oob                           0.012  │
│  timeout                       0.988    episode_return               56.589  │
│  episode_length             1014.223    ema_dist                      0.040  │
│  ema_vel                       0.085    ema_omega                     0.251  │
╰──────────────────────────────────────────────────────────────────────────────╯

[0;0H╭──────────────────────────────────────────────────────────────────────────────╮
│  PufferLib 4.0      🐡           GPU: 81%      VRAM: 0.9/24G      RAM: 0.9G  │
│                                                                              │
│  Summary          Value    Evaluate    18ms  39%    Losses            Value  │
│  Env              drone      GPU        3ms   6%    policy           -0.009  │
│  Params          151.0K      Env       12ms  25%    value             0.012  │
│  Steps            40.0M    Train       28ms  60%    entropy          -1.145  │
│  SPS               2.4M      Misc       2ms   4%    total             0.043  │
│  Epoch              610      Forwa…    26ms  56%    old_kl            0.009  │
│  Uptime    0d 0h 0m 14s                             kl                0.008  │
│  Remaini…          10ms                             clipfrac          0.513  │
│                                                                              │
│  User Stats                    Value    User Stats                    Value  │
│  perf                          0.963    score                       840.010  │
│  rings_passed                  0.000    ring_collisions               0.000  │
│  collisions                    0.000    oob                           0.012  │
│  timeout                       0.988    episode_return               56.583  │
│  episode_length             1014.135    ema_dist                      0.040  │
│  ema_vel                       0.085    ema_omega                     0.252  │
╰──────────────────────────────────────────────────────────────────────────────╯

[0;0H╭──────────────────────────────────────────────────────────────────────────────╮
│  PufferLib 4.0     🐡            GPU: 81%      VRAM: 0.9/24G      RAM: 0.9G  │
│                                                                              │
│  Summary          Value    Evaluate    18ms  39%    Losses            Value  │
│  Env              drone      GPU        3ms   6%    policy           -0.009  │
│  Params          151.0K      Env       12ms  25%    value             0.012  │
│  Steps            40.0M    Train       28ms  60%    entropy          -1.145  │
│  SPS               2.4M      Misc       2ms   4%    total             0.043  │
│  Epoch              610      Forwa…    26ms  56%    old_kl            0.009  │
│  Uptime    0d 0h 0m 14s                             kl                0.008  │
│  Remaini…          10ms                             clipfrac          0.513  │
│                                                                              │
│  User Stats                    Value    User Stats                    Value  │
│  perf                          0.963    score                       839.870  │
│  rings_passed                  0.000    ring_collisions               0.000  │
│  collisions                    0.000    oob                           0.012  │
│  timeout                       0.988    episode_return               56.574  │
│  episode_length             1014.017    ema_dist                      0.041  │
│  ema_vel                       0.086    ema_omega                     0.254  │
╰──────────────────────────────────────────────────────────────────────────────╯

[0;0H╭──────────────────────────────────────────────────────────────────────────────╮
│  PufferLib 4.0    🐡             GPU: 81%      VRAM: 0.9/24G      RAM: 0.9G  │
│                                                                              │
│  Summary          Value    Evaluate    18ms  39%    Losses            Value  │
│  Env              drone      GPU        3ms   6%    policy           -0.009  │
│  Params          151.0K      Env       12ms  25%    value             0.012  │
│  Steps            40.0M    Train       28ms  60%    entropy          -1.145  │
│  SPS               2.4M      Misc       2ms   4%    total             0.043  │
│  Epoch              610      Forwa…    26ms  56%    old_kl            0.009  │
│  Uptime    0d 0h 0m 14s                             kl                0.008  │
│  Remaini…          10ms                             clipfrac          0.513  │
│                                                                              │
│  User Stats                    Value    User Stats                    Value  │
│  perf                          0.963    score                       839.770  │
│  rings_passed                  0.000    ring_collisions               0.000  │
│  collisions                    0.000    oob                           0.012  │
│  timeout                       0.988    episode_return               56.567  │
│  episode_length             1013.918    ema_dist                      0.041  │
│  ema_vel                       0.086    ema_omega                     0.255  │
╰──────────────────────────────────────────────────────────────────────────────╯

[0;0H╭──────────────────────────────────────────────────────────────────────────────╮
│  PufferLib 4.0   🐡              GPU: 81%      VRAM: 0.9/24G      RAM: 0.9G  │
│                                                                              │
│  Summary          Value    Evaluate    18ms  39%    Losses            Value  │
│  Env              drone      GPU        3ms   6%    policy           -0.009  │
│  Params          151.0K      Env       12ms  25%    value             0.012  │
│  Steps            40.0M    Train       28ms  60%    entropy          -1.145  │
│  SPS               2.4M      Misc       2ms   4%    total             0.043  │
│  Epoch              610      Forwa…    26ms  56%    old_kl            0.009  │
│  Uptime    0d 0h 0m 14s                             kl                0.008  │
│  Remaini…          10ms                             clipfrac          0.513  │
│                                                                              │
│  User Stats                    Value    User Stats                    Value  │
│  perf                          0.963    score                       839.531  │
│  rings_passed                  0.000    ring_collisions               0.000  │
│  collisions                    0.000    oob                           0.012  │
│  timeout                       0.988    episode_return               56.549  │
│  episode_length             1013.677    ema_dist                      0.042  │
│  ema_vel                       0.088    ema_omega                     0.258  │
╰──────────────────────────────────────────────────────────────────────────────╯

[0;0H╭──────────────────────────────────────────────────────────────────────────────╮
│  PufferLib 4.0  🐡               GPU: 81%      VRAM: 0.9/24G      RAM: 0.9G  │
│                                                                              │
│  Summary          Value    Evaluate    18ms  39%    Losses            Value  │
│  Env              drone      GPU        3ms   6%    policy           -0.009  │
│  Params          151.0K      Env       12ms  25%    value             0.012  │
│  Steps            40.0M    Train       28ms  60%    entropy          -1.145  │
│  SPS               2.4M      Misc       2ms   4%    total             0.043  │
│  Epoch              610      Forwa…    26ms  56%    old_kl            0.009  │
│  Uptime    0d 0h 0m 14s                             kl                0.008  │
│  Remaini…          10ms                             clipfrac          0.513  │
│                                                                              │
│  User Stats                    Value    User Stats                    Value  │
│  perf                          0.962    score                       839.240  │
│  rings_passed                  0.000    ring_collisions               0.000  │
│  collisions                    0.000    oob                           0.013  │
│  timeout                       0.987    episode_return               56.529  │
│  episode_length             1013.445    ema_dist                      0.043  │
│  ema_vel                       0.089    ema_omega                     0.262  │
╰──────────────────────────────────────────────────────────────────────────────╯

[0;0H╭──────────────────────────────────────────────────────────────────────────────╮
│  PufferLib 4.0 🐡                GPU: 81%      VRAM: 0.9/24G      RAM: 0.9G  │
│                                                                              │
│  Summary          Value    Evaluate    18ms  39%    Losses            Value  │
│  Env              drone      GPU        3ms   6%    policy           -0.009  │
│  Params          151.0K      Env       12ms  25%    value             0.012  │
│  Steps            40.0M    Train       28ms  60%    entropy          -1.145  │
│  SPS               2.4M      Misc       2ms   4%    total             0.043  │
│  Epoch              610      Forwa…    26ms  56%    old_kl            0.009  │
│  Uptime    0d 0h 0m 14s                             kl                0.008  │
│  Remaini…          10ms                             clipfrac          0.513  │
│                                                                              │
│  User Stats                    Value    User Stats                    Value  │
│  perf                          0.962    score                       839.233  │
│  rings_passed                  0.000    ring_collisions               0.000  │
│  collisions                    0.000    oob                           0.013  │
│  timeout                       0.987    episode_return               56.530  │
│  episode_length             1013.479    ema_dist                      0.043  │
│  ema_vel                       0.089    ema_omega                     0.261  │
╰──────────────────────────────────────────────────────────────────────────────╯

[0;0H╭──────────────────────────────────────────────────────────────────────────────╮
│  PufferLib 4.0          🐡       GPU: 81%      VRAM: 0.9/24G      RAM: 0.9G  │
│                                                                              │
│  Summary          Value    Evaluate    18ms  39%    Losses            Value  │
│  Env              drone      GPU        3ms   6%    policy           -0.009  │
│  Params          151.0K      Env       12ms  25%    value             0.012  │
│  Steps            40.0M    Train       28ms  60%    entropy          -1.145  │
│  SPS               2.4M      Misc       2ms   4%    total             0.043  │
│  Epoch              610      Forwa…    26ms  56%    old_kl            0.009  │
│  Uptime    0d 0h 0m 14s                             kl                0.008  │
│  Remaini…          10ms                             clipfrac          0.513  │
│                                                                              │
│  User Stats                    Value    User Stats                    Value  │
│  perf                          0.962    score                       839.006  │
│  rings_passed                  0.000    ring_collisions               0.000  │
│  collisions                    0.000    oob                           0.013  │
│  timeout                       0.987    episode_return               56.514  │
│  episode_length             1013.249    ema_dist                      0.043  │
│  ema_vel                       0.091    ema_omega                     0.265  │
╰──────────────────────────────────────────────────────────────────────────────╯

[0;0H╭──────────────────────────────────────────────────────────────────────────────╮
│  PufferLib 4.0         🐡        GPU: 81%      VRAM: 0.9/24G      RAM: 0.9G  │
│                                                                              │
│  Summary          Value    Evaluate    18ms  39%    Losses            Value  │
│  Env              drone      GPU        3ms   6%    policy           -0.009  │
│  Params          151.0K      Env       12ms  25%    value             0.012  │
│  Steps            40.0M    Train       28ms  60%    entropy          -1.145  │
│  SPS               2.4M      Misc       2ms   4%    total             0.043  │
│  Epoch              610      Forwa…    26ms  56%    old_kl            0.009  │
│  Uptime    0d 0h 0m 14s                             kl                0.008  │
│  Remaini…          10ms                             clipfrac          0.513  │
│                                                                              │
│  User Stats                    Value    User Stats                    Value  │
│  perf                          0.962    score                       839.082  │
│  rings_passed                  0.000    ring_collisions               0.000  │
│  collisions                    0.000    oob                           0.013  │
│  timeout                       0.987    episode_return               56.519  │
│  episode_length             1013.297    ema_dist                      0.043  │
│  ema_vel                       0.090    ema_omega                     0.264  │
╰──────────────────────────────────────────────────────────────────────────────╯

[0;0H╭──────────────────────────────────────────────────────────────────────────────╮
│  PufferLib 4.0        🐡         GPU: 81%      VRAM: 0.9/24G      RAM: 0.9G  │
│                                                                              │
│  Summary          Value    Evaluate    18ms  39%    Losses            Value  │
│  Env              drone      GPU        3ms   6%    policy           -0.009  │
│  Params          151.0K      Env       12ms  25%    value             0.012  │
│  Steps            40.0M    Train       28ms  60%    entropy          -1.145  │
│  SPS               2.4M      Misc       2ms   4%    total             0.043  │
│  Epoch              610      Forwa…    26ms  56%    old_kl            0.009  │
│  Uptime    0d 0h 0m 14s                             kl                0.008  │
│  Remaini…          10ms                             clipfrac          0.513  │
│                                                                              │
│  User Stats                    Value    User Stats                    Value  │
│  perf                          0.962    score                       839.122  │
│  rings_passed                  0.000    ring_collisions               0.000  │
│  collisions                    0.000    oob                           0.013  │
│  timeout                       0.987    episode_return               56.523  │
│  episode_length             1013.356    ema_dist                      0.043  │
│  ema_vel                       0.090    ema_omega                     0.263  │
╰──────────────────────────────────────────────────────────────────────────────╯

[0;0H╭──────────────────────────────────────────────────────────────────────────────╮
│  PufferLib 4.0       🐡          GPU: 81%      VRAM: 0.9/24G      RAM: 0.9G  │
│                                                                              │
│  Summary          Value    Evaluate    18ms  39%    Losses            Value  │
│  Env              drone      GPU        3ms   6%    policy           -0.009  │
│  Params          151.0K      Env       12ms  25%    value             0.012  │
│  Steps            40.0M    Train       28ms  60%    entropy          -1.145  │
│  SPS               2.4M      Misc       2ms   4%    total             0.043  │
│  Epoch              610      Forwa…    26ms  56%    old_kl            0.009  │
│  Uptime    0d 0h 0m 14s                             kl                0.008  │
│  Remaini…          10ms                             clipfrac          0.513  │
│                                                                              │
│  User Stats                    Value    User Stats                    Value  │
│  perf                          0.962    score                       839.159  │
│  rings_passed                  0.000    ring_collisions               0.000  │
│  collisions                    0.000    oob                           0.013  │
│  timeout                       0.987    episode_return               56.527  │
│  episode_length             1013.437    ema_dist                      0.043  │
│  ema_vel                       0.089    ema_omega                     0.262  │
╰──────────────────────────────────────────────────────────────────────────────╯

[0;0H╭──────────────────────────────────────────────────────────────────────────────╮
│  PufferLib 4.0      🐡           GPU: 81%      VRAM: 0.9/24G      RAM: 0.9G  │
│                                                                              │
│  Summary          Value    Evaluate    18ms  39%    Losses            Value  │
│  Env              drone      GPU        3ms   6%    policy           -0.009  │
│  Params          151.0K      Env       12ms  25%    value             0.012  │
│  Steps            40.0M    Train       28ms  60%    entropy          -1.145  │
│  SPS               2.4M      Misc       2ms   4%    total             0.043  │
│  Epoch              610      Forwa…    26ms  56%    old_kl            0.009  │
│  Uptime    0d 0h 0m 14s                             kl                0.008  │
│  Remaini…          10ms                             clipfrac          0.513  │
│                                                                              │
│  User Stats                    Value    User Stats                    Value  │
│  perf                          0.962    score                       839.285  │
│  rings_passed                  0.000    ring_collisions               0.000  │
│  collisions                    0.000    oob                           0.013  │
│  timeout                       0.987    episode_return               56.539  │
│  episode_length             1013.526    ema_dist                      0.042  │
│  ema_vel                       0.089    ema_omega                     0.261  │
╰──────────────────────────────────────────────────────────────────────────────╯

[0;0H╭──────────────────────────────────────────────────────────────────────────────╮
│  PufferLib 4.0     🐡            GPU: 81%      VRAM: 0.9/24G      RAM: 0.9G  │
│                                                                              │
│  Summary          Value    Evaluate    18ms  39%    Losses            Value  │
│  Env              drone      GPU        3ms   6%    policy           -0.009  │
│  Params          151.0K      Env       12ms  25%    value             0.012  │
│  Steps            40.0M    Train       28ms  60%    entropy          -1.145  │
│  SPS               2.4M      Misc       2ms   4%    total             0.043  │
│  Epoch              610      Forwa…    26ms  56%    old_kl            0.009  │
│  Uptime    0d 0h 0m 14s                             kl                0.008  │
│  Remaini…          10ms                             clipfrac          0.513  │
│                                                                              │
│  User Stats                    Value    User Stats                    Value  │
│  perf                          0.962    score                       839.421  │
│  rings_passed                  0.000    ring_collisions               0.000  │
│  collisions                    0.000    oob                           0.013  │
│  timeout                       0.987    episode_return               56.547  │
│  episode_length             1013.639    ema_dist                      0.042  │
│  ema_vel                       0.088    ema_omega                     0.260  │
╰──────────────────────────────────────────────────────────────────────────────╯

[0;0H╭──────────────────────────────────────────────────────────────────────────────╮
│  PufferLib 4.0    🐡             GPU: 81%      VRAM: 0.9/24G      RAM: 0.9G  │
│                                                                              │
│  Summary          Value    Evaluate    18ms  39%    Losses            Value  │
│  Env              drone      GPU        3ms   6%    policy           -0.009  │
│  Params          151.0K      Env       12ms  25%    value             0.012  │
│  Steps            40.0M    Train       28ms  60%    entropy          -1.145  │
│  SPS               2.4M      Misc       2ms   4%    total             0.043  │
│  Epoch              610      Forwa…    26ms  56%    old_kl            0.009  │
│  Uptime    0d 0h 0m 14s                             kl                0.008  │
│  Remaini…          10ms                             clipfrac          0.513  │
│                                                                              │
│  User Stats                    Value    User Stats                    Value  │
│  perf                          0.962    score                       839.414  │
│  rings_passed                  0.000    ring_collisions               0.000  │
│  collisions                    0.000    oob                           0.012  │
│  timeout                       0.988    episode_return               56.547  │
│  episode_length             1013.658    ema_dist                      0.042  │
│  ema_vel                       0.088    ema_omega                     0.259  │
╰──────────────────────────────────────────────────────────────────────────────╯

[0;0H╭──────────────────────────────────────────────────────────────────────────────╮
│  PufferLib 4.0   🐡              GPU: 81%      VRAM: 0.9/24G      RAM: 0.9G  │
│                                                                              │
│  Summary          Value    Evaluate    18ms  39%    Losses            Value  │
│  Env              drone      GPU        3ms   6%    policy           -0.009  │
│  Params          151.0K      Env       12ms  25%    value             0.012  │
│  Steps            40.0M    Train       28ms  60%    entropy          -1.145  │
│  SPS               2.4M      Misc       2ms   4%    total             0.043  │
│  Epoch              610      Forwa…    26ms  56%    old_kl            0.009  │
│  Uptime    0d 0h 0m 14s                             kl                0.008  │
│  Remaini…          10ms                             clipfrac          0.513  │
│                                                                              │
│  User Stats                    Value    User Stats                    Value  │
│  perf                          0.963    score                       839.584  │
│  rings_passed                  0.000    ring_collisions               0.000  │
│  collisions                    0.000    oob                           0.012  │
│  timeout                       0.988    episode_return               56.561  │
│  episode_length             1013.812    ema_dist                      0.041  │
│  ema_vel                       0.087    ema_omega                     0.257  │
╰──────────────────────────────────────────────────────────────────────────────╯

[0;0H╭──────────────────────────────────────────────────────────────────────────────╮
│  PufferLib 4.0  🐡               GPU: 81%      VRAM: 0.9/24G      RAM: 0.9G  │
│                                                                              │
│  Summary          Value    Evaluate    18ms  39%    Losses            Value  │
│  Env              drone      GPU        3ms   6%    policy           -0.009  │
│  Params          151.0K      Env       12ms  25%    value             0.012  │
│  Steps            40.0M    Train       28ms  60%    entropy          -1.145  │
│  SPS               2.4M      Misc       2ms   4%    total             0.043  │
│  Epoch              610      Forwa…    26ms  56%    old_kl            0.009  │
│  Uptime    0d 0h 0m 14s                             kl                0.008  │
│  Remaini…          10ms                             clipfrac          0.513  │
│                                                                              │
│  User Stats                    Value    User Stats                    Value  │
│  perf                          0.963    score                       839.755  │
│  rings_passed                  0.000    ring_collisions               0.000  │
│  collisions                    0.000    oob                           0.012  │
│  timeout                       0.988    episode_return               56.571  │
│  episode_length             1013.996    ema_dist                      0.041  │
│  ema_vel                       0.086    ema_omega                     0.255  │
╰──────────────────────────────────────────────────────────────────────────────╯

[0;0H╭──────────────────────────────────────────────────────────────────────────────╮
│  PufferLib 4.0 🐡                GPU: 81%      VRAM: 0.9/24G      RAM: 0.9G  │
│                                                                              │
│  Summary          Value    Evaluate    18ms  39%    Losses            Value  │
│  Env              drone      GPU        3ms   6%    policy           -0.009  │
│  Params          151.0K      Env       12ms  25%    value             0.012  │
│  Steps            40.0M    Train       28ms  60%    entropy          -1.145  │
│  SPS               2.4M      Misc       2ms   4%    total             0.043  │
│  Epoch              610      Forwa…    26ms  56%    old_kl            0.009  │
│  Uptime    0d 0h 0m 14s                             kl                0.008  │
│  Remaini…          10ms                             clipfrac          0.513  │
│                                                                              │
│  User Stats                    Value    User Stats                    Value  │
│  perf                          0.963    score                       839.669  │
│  rings_passed                  0.000    ring_collisions               0.000  │
│  collisions                    0.000    oob                           0.012  │
│  timeout                       0.988    episode_return               56.566  │
│  episode_length             1013.904    ema_dist                      0.041  │
│  ema_vel                       0.087    ema_omega                     0.256  │
╰──────────────────────────────────────────────────────────────────────────────╯

[0;0H╭──────────────────────────────────────────────────────────────────────────────╮
│  PufferLib 4.0          🐡       GPU: 81%      VRAM: 0.9/24G      RAM: 0.9G  │
│                                                                              │
│  Summary          Value    Evaluate    18ms  39%    Losses            Value  │
│  Env              drone      GPU        3ms   6%    policy           -0.009  │
│  Params          151.0K      Env       12ms  25%    value             0.012  │
│  Steps            40.0M    Train       28ms  60%    entropy          -1.145  │
│  SPS               2.4M      Misc       2ms   4%    total             0.043  │
│  Epoch              610      Forwa…    26ms  56%    old_kl            0.009  │
│  Uptime    0d 0h 0m 14s                             kl                0.008  │
│  Remaini…          10ms                             clipfrac          0.513  │
│                                                                              │
│  User Stats                    Value    User Stats                    Value  │
│  perf                          0.963    score                       839.696  │
│  rings_passed                  0.000    ring_collisions               0.000  │
│  collisions                    0.000    oob                           0.012  │
│  timeout                       0.988    episode_return               56.569  │
│  episode_length             1013.937    ema_dist                      0.041  │
│  ema_vel                       0.086    ema_omega                     0.256  │
╰──────────────────────────────────────────────────────────────────────────────╯

[0;0H╭──────────────────────────────────────────────────────────────────────────────╮
│  PufferLib 4.0         🐡        GPU: 81%      VRAM: 0.9/24G      RAM: 0.9G  │
│                                                                              │
│  Summary          Value    Evaluate    18ms  39%    Losses            Value  │
│  Env              drone      GPU        3ms   6%    policy           -0.009  │
│  Params          151.0K      Env       12ms  25%    value             0.012  │
│  Steps            40.0M    Train       28ms  60%    entropy          -1.145  │
│  SPS               2.4M      Misc       2ms   4%    total             0.043  │
│  Epoch              610      Forwa…    26ms  56%    old_kl            0.009  │
│  Uptime    0d 0h 0m 14s                             kl                0.008  │
│  Remaini…          10ms                             clipfrac          0.513  │
│                                                                              │
│  User Stats                    Value    User Stats                    Value  │
│  perf                          0.963    score                       839.662  │
│  rings_passed                  0.000    ring_collisions               0.000  │
│  collisions                    0.000    oob                           0.012  │
│  timeout                       0.988    episode_return               56.566  │
│  episode_length             1013.885    ema_dist                      0.041  │
│  ema_vel                       0.087    ema_omega                     0.256  │
╰──────────────────────────────────────────────────────────────────────────────╯

[0;0H╭──────────────────────────────────────────────────────────────────────────────╮
│  PufferLib 4.0        🐡         GPU: 81%      VRAM: 0.9/24G      RAM: 0.9G  │
│                                                                              │
│  Summary          Value    Evaluate    18ms  39%    Losses            Value  │
│  Env              drone      GPU        3ms   6%    policy           -0.009  │
│  Params          151.0K      Env       12ms  25%    value             0.012  │
│  Steps            40.0M    Train       28ms  60%    entropy          -1.145  │
│  SPS               2.4M      Misc       2ms   4%    total             0.043  │
│  Epoch              610      Forwa…    26ms  56%    old_kl            0.009  │
│  Uptime    0d 0h 0m 14s                             kl                0.008  │
│  Remaini…          10ms                             clipfrac          0.513  │
│                                                                              │
│  User Stats                    Value    User Stats                    Value  │
│  perf                          0.963    score                       839.781  │
│  rings_passed                  0.000    ring_collisions               0.000  │
│  collisions                    0.000    oob                           0.012  │
│  timeout                       0.988    episode_return               56.575  │
│  episode_length             1014.046    ema_dist                      0.040  │
│  ema_vel                       0.086    ema_omega                     0.253  │
╰──────────────────────────────────────────────────────────────────────────────╯

[0;0H╭──────────────────────────────────────────────────────────────────────────────╮
│  PufferLib 4.0       🐡          GPU: 81%      VRAM: 0.9/24G      RAM: 0.9G  │
│                                                                              │
│  Summary          Value    Evaluate    18ms  39%    Losses            Value  │
│  Env              drone      GPU        3ms   6%    policy           -0.009  │
│  Params          151.0K      Env       12ms  25%    value             0.012  │
│  Steps            40.0M    Train       28ms  60%    entropy          -1.145  │
│  SPS               2.4M      Misc       2ms   4%    total             0.043  │
│  Epoch              610      Forwa…    26ms  56%    old_kl            0.009  │
│  Uptime    0d 0h 0m 14s                             kl                0.008  │
│  Remaini…          10ms                             clipfrac          0.513  │
│                                                                              │
│  User Stats                    Value    User Stats                    Value  │
│  perf                          0.963    score                       839.540  │
│  rings_passed                  0.000    ring_collisions               0.000  │
│  collisions                    0.000    oob                           0.012  │
│  timeout                       0.988    episode_return               56.557  │
│  episode_length             1013.753    ema_dist                      0.041  │
│  ema_vel                       0.088    ema_omega                     0.257  │
╰──────────────────────────────────────────────────────────────────────────────╯

[0;0H╭──────────────────────────────────────────────────────────────────────────────╮
│  PufferLib 4.0      🐡           GPU: 81%      VRAM: 0.9/24G      RAM: 0.9G  │
│                                                                              │
│  Summary          Value    Evaluate    18ms  39%    Losses            Value  │
│  Env              drone      GPU        3ms   6%    policy           -0.009  │
│  Params          151.0K      Env       12ms  25%    value             0.012  │
│  Steps            40.0M    Train       28ms  60%    entropy          -1.145  │
│  SPS               2.4M      Misc       2ms   4%    total             0.043  │
│  Epoch              610      Forwa…    26ms  56%    old_kl            0.009  │
│  Uptime    0d 0h 0m 14s                             kl                0.008  │
│  Remaini…          10ms                             clipfrac          0.513  │
│                                                                              │
│  User Stats                    Value    User Stats                    Value  │
│  perf                          0.963    score                       839.517  │
│  rings_passed                  0.000    ring_collisions               0.000  │
│  collisions                    0.000    oob                           0.012  │
│  timeout                       0.988    episode_return               56.556  │
│  episode_length             1013.774    ema_dist                      0.041  │
│  ema_vel                       0.088    ema_omega                     0.257  │
╰──────────────────────────────────────────────────────────────────────────────╯

[0;0H╭──────────────────────────────────────────────────────────────────────────────╮
│  PufferLib 4.0     🐡            GPU: 81%      VRAM: 0.9/24G      RAM: 0.9G  │
│                                                                              │
│  Summary          Value    Evaluate    18ms  39%    Losses            Value  │
│  Env              drone      GPU        3ms   6%    policy           -0.009  │
│  Params          151.0K      Env       12ms  25%    value             0.012  │
│  Steps            40.0M    Train       28ms  60%    entropy          -1.145  │
│  SPS               2.4M      Misc       2ms   4%    total             0.043  │
│  Epoch              610      Forwa…    26ms  56%    old_kl            0.009  │
│  Uptime    0d 0h 0m 14s                             kl                0.008  │
│  Remaini…          10ms                             clipfrac          0.513  │
│                                                                              │
│  User Stats                    Value    User Stats                    Value  │
│  perf                          0.963    score                       839.597  │
│  rings_passed                  0.000    ring_collisions               0.000  │
│  collisions                    0.000    oob                           0.012  │
│  timeout                       0.988    episode_return               56.561  │
│  episode_length             1013.811    ema_dist                      0.041  │
│  ema_vel                       0.087    ema_omega                     0.257  │
╰──────────────────────────────────────────────────────────────────────────────╯

[0;0H╭──────────────────────────────────────────────────────────────────────────────╮
│  PufferLib 4.0    🐡             GPU: 81%      VRAM: 0.9/24G      RAM: 0.9G  │
│                                                                              │
│  Summary          Value    Evaluate    18ms  39%    Losses            Value  │
│  Env              drone      GPU        3ms   6%    policy           -0.009  │
│  Params          151.0K      Env       12ms  25%    value             0.012  │
│  Steps            40.0M    Train       28ms  60%    entropy          -1.145  │
│  SPS               2.4M      Misc       2ms   4%    total             0.043  │
│  Epoch              610      Forwa…    26ms  56%    old_kl            0.009  │
│  Uptime    0d 0h 0m 14s                             kl                0.008  │
│  Remaini…          10ms                             clipfrac          0.513  │
│                                                                              │
│  User Stats                    Value    User Stats                    Value  │
│  perf                          0.963    score                       839.432  │
│  rings_passed                  0.000    ring_collisions               0.000  │
│  collisions                    0.000    oob                           0.012  │
│  timeout                       0.988    episode_return               56.551  │
│  episode_length             1013.742    ema_dist                      0.041  │
│  ema_vel                       0.088    ema_omega                     0.257  │
╰──────────────────────────────────────────────────────────────────────────────╯

[0;0H╭──────────────────────────────────────────────────────────────────────────────╮
│  PufferLib 4.0   🐡              GPU: 81%      VRAM: 0.9/24G      RAM: 0.9G  │
│                                                                              │
│  Summary          Value    Evaluate    18ms  39%    Losses            Value  │
│  Env              drone      GPU        3ms   6%    policy           -0.009  │
│  Params          151.0K      Env       12ms  25%    value             0.012  │
│  Steps            40.0M    Train       28ms  60%    entropy          -1.145  │
│  SPS               2.4M      Misc       2ms   4%    total             0.043  │
│  Epoch              610      Forwa…    26ms  56%    old_kl            0.009  │
│  Uptime    0d 0h 0m 14s                             kl                0.008  │
│  Remaini…          10ms                             clipfrac          0.513  │
│                                                                              │
│  User Stats                    Value    User Stats                    Value  │
│  perf                          0.963    score                       839.507  │
│  rings_passed                  0.000    ring_collisions               0.000  │
│  collisions                    0.000    oob                           0.012  │
│  timeout                       0.988    episode_return               56.556  │
│  episode_length             1013.848    ema_dist                      0.041  │
│  ema_vel                       0.087    ema_omega                     0.255  │
╰──────────────────────────────────────────────────────────────────────────────╯

[0;0H╭──────────────────────────────────────────────────────────────────────────────╮
│  PufferLib 4.0  🐡               GPU: 81%      VRAM: 0.9/24G      RAM: 0.9G  │
│                                                                              │
│  Summary          Value    Evaluate    18ms  39%    Losses            Value  │
│  Env              drone      GPU        3ms   6%    policy           -0.009  │
│  Params          151.0K      Env       12ms  25%    value             0.012  │
│  Steps            40.0M    Train       28ms  60%    entropy          -1.145  │
│  SPS               2.4M      Misc       2ms   4%    total             0.043  │
│  Epoch              610      Forwa…    26ms  56%    old_kl            0.009  │
│  Uptime    0d 0h 0m 14s                             kl                0.008  │
│  Remaini…          10ms                             clipfrac          0.513  │
│                                                                              │
│  User Stats                    Value    User Stats                    Value  │
│  perf                          0.963    score                       839.399  │
│  rings_passed                  0.000    ring_collisions               0.000  │
│  collisions                    0.000    oob                           0.012  │
│  timeout                       0.988    episode_return               56.547  │
│  episode_length             1013.693    ema_dist                      0.041  │
│  ema_vel                       0.088    ema_omega                     0.258  │
╰──────────────────────────────────────────────────────────────────────────────╯

[0;0H╭──────────────────────────────────────────────────────────────────────────────╮
│  PufferLib 4.0 🐡                GPU: 81%      VRAM: 0.9/24G      RAM: 0.9G  │
│                                                                              │
│  Summary          Value    Evaluate    18ms  39%    Losses            Value  │
│  Env              drone      GPU        3ms   6%    policy           -0.009  │
│  Params          151.0K      Env       12ms  25%    value             0.012  │
│  Steps            40.0M    Train       28ms  60%    entropy          -1.145  │
│  SPS               2.4M      Misc       2ms   4%    total             0.043  │
│  Epoch              610      Forwa…    26ms  56%    old_kl            0.009  │
│  Uptime    0d 0h 0m 14s                             kl                0.008  │
│  Remaini…          10ms                             clipfrac          0.513  │
│                                                                              │
│  User Stats                    Value    User Stats                    Value  │
│  perf                          0.962    score                       839.290  │
│  rings_passed                  0.000    ring_collisions               0.000  │
│  collisions                    0.000    oob                           0.013  │
│  timeout                       0.987    episode_return               56.539  │
│  episode_length             1013.586    ema_dist                      0.042  │
│  ema_vel                       0.089    ema_omega                     0.259  │
╰──────────────────────────────────────────────────────────────────────────────╯

[0;0H╭──────────────────────────────────────────────────────────────────────────────╮
│  PufferLib 4.0          🐡       GPU: 81%      VRAM: 0.9/24G      RAM: 0.9G  │
│                                                                              │
│  Summary          Value    Evaluate    18ms  39%    Losses            Value  │
│  Env              drone      GPU        3ms   6%    policy           -0.009  │
│  Params          151.0K      Env       12ms  25%    value             0.012  │
│  Steps            40.0M    Train       28ms  60%    entropy          -1.145  │
│  SPS               2.4M      Misc       2ms   4%    total             0.043  │
│  Epoch              610      Forwa…    26ms  56%    old_kl            0.009  │
│  Uptime    0d 0h 0m 14s                             kl                0.008  │
│  Remaini…          10ms                             clipfrac          0.513  │
│                                                                              │
│  User Stats                    Value    User Stats                    Value  │
│  perf                          0.962    score                       839.212  │
│  rings_passed                  0.000    ring_collisions               0.000  │
│  collisions                    0.000    oob                           0.013  │
│  timeout                       0.987    episode_return               56.532  │
│  episode_length             1013.452    ema_dist                      0.042  │
│  ema_vel                       0.090    ema_omega                     0.261  │
╰──────────────────────────────────────────────────────────────────────────────╯

[0;0H╭──────────────────────────────────────────────────────────────────────────────╮
│  PufferLib 4.0         🐡        GPU: 81%      VRAM: 0.9/24G      RAM: 0.9G  │
│                                                                              │
│  Summary          Value    Evaluate    18ms  39%    Losses            Value  │
│  Env              drone      GPU        3ms   6%    policy           -0.009  │
│  Params          151.0K      Env       12ms  25%    value             0.012  │
│  Steps            40.0M    Train       28ms  60%    entropy          -1.145  │
│  SPS               2.4M      Misc       2ms   4%    total             0.043  │
│  Epoch              610      Forwa…    26ms  56%    old_kl            0.009  │
│  Uptime    0d 0h 0m 14s                             kl                0.008  │
│  Remaini…          10ms                             clipfrac          0.513  │
│                                                                              │
│  User Stats                    Value    User Stats                    Value  │
│  perf                          0.962    score                       839.206  │
│  rings_passed                  0.000    ring_collisions               0.000  │
│  collisions                    0.000    oob                           0.013  │
│  timeout                       0.987    episode_return               56.533  │
│  episode_length             1013.519    ema_dist                      0.042  │
│  ema_vel                       0.089    ema_omega                     0.260  │
╰──────────────────────────────────────────────────────────────────────────────╯

[0;0H╭──────────────────────────────────────────────────────────────────────────────╮
│  PufferLib 4.0        🐡         GPU: 81%      VRAM: 0.9/24G      RAM: 0.9G  │
│                                                                              │
│  Summary          Value    Evaluate    18ms  39%    Losses            Value  │
│  Env              drone      GPU        3ms   6%    policy           -0.009  │
│  Params          151.0K      Env       12ms  25%    value             0.012  │
│  Steps            40.0M    Train       28ms  60%    entropy          -1.145  │
│  SPS               2.4M      Misc       2ms   4%    total             0.043  │
│  Epoch              610      Forwa…    26ms  56%    old_kl            0.009  │
│  Uptime    0d 0h 0m 14s                             kl                0.008  │
│  Remaini…          10ms                             clipfrac          0.513  │
│                                                                              │
│  User Stats                    Value    User Stats                    Value  │
│  perf                          0.962    score                       839.076  │
│  rings_passed                  0.000    ring_collisions               0.000  │
│  collisions                    0.000    oob                           0.013  │
│  timeout                       0.987    episode_return               56.525  │
│  episode_length             1013.388    ema_dist                      0.042  │
│  ema_vel                       0.090    ema_omega                     0.262  │
╰──────────────────────────────────────────────────────────────────────────────╯

[0;0H╭──────────────────────────────────────────────────────────────────────────────╮
│  PufferLib 4.0       🐡          GPU: 81%      VRAM: 0.9/24G      RAM: 0.9G  │
│                                                                              │
│  Summary          Value    Evaluate    18ms  39%    Losses            Value  │
│  Env              drone      GPU        3ms   6%    policy           -0.009  │
│  Params          151.0K      Env       12ms  25%    value             0.012  │
│  Steps            40.0M    Train       28ms  60%    entropy          -1.145  │
│  SPS               2.4M      Misc       2ms   4%    total             0.043  │
│  Epoch              610      Forwa…    26ms  56%    old_kl            0.009  │
│  Uptime    0d 0h 0m 14s                             kl                0.008  │
│  Remaini…          10ms                             clipfrac          0.513  │
│                                                                              │
│  User Stats                    Value    User Stats                    Value  │
│  perf                          0.962    score                       838.911  │
│  rings_passed                  0.000    ring_collisions               0.000  │
│  collisions                    0.000    oob                           0.013  │
│  timeout                       0.987    episode_return               56.512  │
│  episode_length             1013.253    ema_dist                      0.043  │
│  ema_vel                       0.091    ema_omega                     0.264  │
╰──────────────────────────────────────────────────────────────────────────────╯

[0;0H╭──────────────────────────────────────────────────────────────────────────────╮
│  PufferLib 4.0      🐡           GPU: 81%      VRAM: 0.9/24G      RAM: 0.9G  │
│                                                                              │
│  Summary          Value    Evaluate    18ms  39%    Losses            Value  │
│  Env              drone      GPU        3ms   6%    policy           -0.009  │
│  Params          151.0K      Env       12ms  25%    value             0.012  │
│  Steps            40.0M    Train       28ms  60%    entropy          -1.145  │
│  SPS               2.4M      Misc       2ms   4%    total             0.043  │
│  Epoch              610      Forwa…    26ms  56%    old_kl            0.009  │
│  Uptime    0d 0h 0m 14s                             kl                0.008  │
│  Remaini…          10ms                             clipfrac          0.513  │
│                                                                              │
│  User Stats                    Value    User Stats                    Value  │
│  perf                          0.962    score                       838.961  │
│  rings_passed                  0.000    ring_collisions               0.000  │
│  collisions                    0.000    oob                           0.013  │
│  timeout                       0.987    episode_return               56.515  │
│  episode_length             1013.312    ema_dist                      0.043  │
│  ema_vel                       0.091    ema_omega                     0.263  │
╰──────────────────────────────────────────────────────────────────────────────╯

[0;0H╭──────────────────────────────────────────────────────────────────────────────╮
│  PufferLib 4.0     🐡            GPU: 81%      VRAM: 0.9/24G      RAM: 0.9G  │
│                                                                              │
│  Summary          Value    Evaluate    18ms  39%    Losses            Value  │
│  Env              drone      GPU        3ms   6%    policy           -0.009  │
│  Params          151.0K      Env       12ms  25%    value             0.012  │
│  Steps            40.0M    Train       28ms  60%    entropy          -1.145  │
│  SPS               2.4M      Misc       2ms   4%    total             0.043  │
│  Epoch              610      Forwa…    26ms  56%    old_kl            0.009  │
│  Uptime    0d 0h 0m 14s                             kl                0.008  │
│  Remaini…          10ms                             clipfrac          0.513  │
│                                                                              │
│  User Stats                    Value    User Stats                    Value  │
│  perf                          0.962    score                       838.999  │
│  rings_passed                  0.000    ring_collisions               0.000  │
│  collisions                    0.000    oob                           0.013  │
│  timeout                       0.987    episode_return               56.518  │
│  episode_length             1013.348    ema_dist                      0.043  │
│  ema_vel                       0.090    ema_omega                     0.263  │
╰──────────────────────────────────────────────────────────────────────────────╯

[0;0H╭──────────────────────────────────────────────────────────────────────────────╮
│  PufferLib 4.0    🐡             GPU: 81%      VRAM: 0.9/24G      RAM: 0.9G  │
│                                                                              │
│  Summary          Value    Evaluate    18ms  39%    Losses            Value  │
│  Env              drone      GPU        3ms   6%    policy           -0.009  │
│  Params          151.0K      Env       12ms  25%    value             0.012  │
│  Steps            40.0M    Train       28ms  60%    entropy          -1.145  │
│  SPS               2.4M      Misc       2ms   4%    total             0.043  │
│  Epoch              610      Forwa…    26ms  56%    old_kl            0.009  │
│  Uptime    0d 0h 0m 14s                             kl                0.008  │
│  Remaini…          10ms                             clipfrac          0.513  │
│                                                                              │
│  User Stats                    Value    User Stats                    Value  │
│  perf                          0.962    score                       838.902  │
│  rings_passed                  0.000    ring_collisions               0.000  │
│  collisions                    0.000    oob                           0.013  │
│  timeout                       0.987    episode_return               56.511  │
│  episode_length             1013.276    ema_dist                      0.043  │
│  ema_vel                       0.091    ema_omega                     0.264  │
╰──────────────────────────────────────────────────────────────────────────────╯

[0;0H╭──────────────────────────────────────────────────────────────────────────────╮
│  PufferLib 4.0   🐡              GPU: 81%      VRAM: 0.9/24G      RAM: 0.9G  │
│                                                                              │
│  Summary          Value    Evaluate    18ms  39%    Losses            Value  │
│  Env              drone      GPU        3ms   6%    policy           -0.009  │
│  Params          151.0K      Env       12ms  25%    value             0.012  │
│  Steps            40.0M    Train       28ms  60%    entropy          -1.145  │
│  SPS               2.4M      Misc       2ms   4%    total             0.043  │
│  Epoch              610      Forwa…    26ms  56%    old_kl            0.009  │
│  Uptime    0d 0h 0m 14s                             kl                0.008  │
│  Remaini…          10ms                             clipfrac          0.513  │
│                                                                              │
│  User Stats                    Value    User Stats                    Value  │
│  perf                          0.962    score                       838.932  │
│  rings_passed                  0.000    ring_collisions               0.000  │
│  collisions                    0.000    oob                           0.013  │
│  timeout                       0.987    episode_return               56.513  │
│  episode_length             1013.293    ema_dist                      0.043  │
│  ema_vel                       0.091    ema_omega                     0.264  │
╰──────────────────────────────────────────────────────────────────────────────╯

[0;0H╭──────────────────────────────────────────────────────────────────────────────╮
│  PufferLib 4.0  🐡               GPU: 81%      VRAM: 0.9/24G      RAM: 0.9G  │
│                                                                              │
│  Summary          Value    Evaluate    18ms  39%    Losses            Value  │
│  Env              drone      GPU        3ms   6%    policy           -0.009  │
│  Params          151.0K      Env       12ms  25%    value             0.012  │
│  Steps            40.0M    Train       28ms  60%    entropy          -1.145  │
│  SPS               2.4M      Misc       2ms   4%    total             0.043  │
│  Epoch              610      Forwa…    26ms  56%    old_kl            0.009  │
│  Uptime    0d 0h 0m 14s                             kl                0.008  │
│  Remaini…          10ms                             clipfrac          0.513  │
│                                                                              │
│  User Stats                    Value    User Stats                    Value  │
│  perf                          0.962    score                       838.642  │
│  rings_passed                  0.000    ring_collisions               0.000  │
│  collisions                    0.000    oob                           0.013  │
│  timeout                       0.987    episode_return               56.492  │
│  episode_length             1013.010    ema_dist                      0.044  │
│  ema_vel                       0.093    ema_omega                     0.268  │
╰──────────────────────────────────────────────────────────────────────────────╯

[0;0H╭──────────────────────────────────────────────────────────────────────────────╮
│  PufferLib 4.0 🐡                GPU: 81%      VRAM: 0.9/24G      RAM: 0.9G  │
│                                                                              │
│  Summary          Value    Evaluate    18ms  39%    Losses            Value  │
│  Env              drone      GPU        3ms   6%    policy           -0.009  │
│  Params          151.0K      Env       12ms  25%    value             0.012  │
│  Steps            40.0M    Train       28ms  60%    entropy          -1.145  │
│  SPS               2.4M      Misc       2ms   4%    total             0.043  │
│  Epoch              610      Forwa…    26ms  56%    old_kl            0.009  │
│  Uptime    0d 0h 0m 14s                             kl                0.008  │
│  Remaini…          10ms                             clipfrac          0.513  │
│                                                                              │
│  User Stats                    Value    User Stats                    Value  │
│  perf                          0.962    score                       838.563  │
│  rings_passed                  0.000    ring_collisions               0.000  │
│  collisions                    0.000    oob                           0.013  │
│  timeout                       0.987    episode_return               56.486  │
│  episode_length             1012.930    ema_dist                      0.044  │
│  ema_vel                       0.093    ema_omega                     0.269  │
╰──────────────────────────────────────────────────────────────────────────────╯

[0;0H╭──────────────────────────────────────────────────────────────────────────────╮
│  PufferLib 4.0          🐡       GPU: 81%      VRAM: 0.9/24G      RAM: 0.9G  │
│                                                                              │
│  Summary          Value    Evaluate    18ms  39%    Losses            Value  │
│  Env              drone      GPU        3ms   6%    policy           -0.009  │
│  Params          151.0K      Env       12ms  25%    value             0.012  │
│  Steps            40.0M    Train       28ms  60%    entropy          -1.145  │
│  SPS               2.4M      Misc       2ms   4%    total             0.043  │
│  Epoch              610      Forwa…    26ms  56%    old_kl            0.009  │
│  Uptime    0d 0h 0m 14s                             kl                0.008  │
│  Remaini…          10ms                             clipfrac          0.513  │
│                                                                              │
│  User Stats                    Value    User Stats                    Value  │
│  perf                          0.962    score                       838.497  │
│  rings_passed                  0.000    ring_collisions               0.000  │
│  collisions                    0.000    oob                           0.013  │
│  timeout                       0.987    episode_return               56.481  │
│  episode_length             1012.852    ema_dist                      0.044  │
│  ema_vel                       0.094    ema_omega                     0.270  │
╰──────────────────────────────────────────────────────────────────────────────╯

[0;0H╭──────────────────────────────────────────────────────────────────────────────╮
│  PufferLib 4.0         🐡        GPU: 81%      VRAM: 0.9/24G      RAM: 0.9G  │
│                                                                              │
│  Summary          Value    Evaluate    18ms  39%    Losses            Value  │
│  Env              drone      GPU        3ms   6%    policy           -0.009  │
│  Params          151.0K      Env       12ms  25%    value             0.012  │
│  Steps            40.0M    Train       28ms  60%    entropy          -1.145  │
│  SPS               2.4M      Misc       2ms   4%    total             0.043  │
│  Epoch              610      Forwa…    26ms  56%    old_kl            0.009  │
│  Uptime    0d 0h 0m 14s                             kl                0.008  │
│  Remaini…          10ms                             clipfrac          0.513  │
│                                                                              │
│  User Stats                    Value    User Stats                    Value  │
│  perf                          0.961    score                       838.437  │
│  rings_passed                  0.000    ring_collisions               0.000  │
│  collisions                    0.000    oob                           0.013  │
│  timeout                       0.987    episode_return               56.475  │
│  episode_length             1012.777    ema_dist                      0.044  │
│  ema_vel                       0.095    ema_omega                     0.271  │
╰──────────────────────────────────────────────────────────────────────────────╯

[0;0H╭──────────────────────────────────────────────────────────────────────────────╮
│  PufferLib 4.0        🐡         GPU: 81%      VRAM: 0.9/24G      RAM: 0.9G  │
│                                                                              │
│  Summary          Value    Evaluate    18ms  39%    Losses            Value  │
│  Env              drone      GPU        3ms   6%    policy           -0.009  │
│  Params          151.0K      Env       12ms  25%    value             0.012  │
│  Steps            40.0M    Train       28ms  60%    entropy          -1.145  │
│  SPS               2.4M      Misc       2ms   4%    total             0.043  │
│  Epoch              610      Forwa…    26ms  56%    old_kl            0.009  │
│  Uptime    0d 0h 0m 14s                             kl                0.008  │
│  Remaini…          10ms                             clipfrac          0.513  │
│                                                                              │
│  User Stats                    Value    User Stats                    Value  │
│  perf                          0.961    score                       838.476  │
│  rings_passed                  0.000    ring_collisions               0.000  │
│  collisions                    0.000    oob                           0.013  │
│  timeout                       0.987    episode_return               56.478  │
│  episode_length             1012.806    ema_dist                      0.044  │
│  ema_vel                       0.094    ema_omega                     0.271  │
╰──────────────────────────────────────────────────────────────────────────────╯

[0;0H╭──────────────────────────────────────────────────────────────────────────────╮
│  PufferLib 4.0       🐡          GPU: 81%      VRAM: 0.9/24G      RAM: 0.9G  │
│                                                                              │
│  Summary          Value    Evaluate    18ms  39%    Losses            Value  │
│  Env              drone      GPU        3ms   6%    policy           -0.009  │
│  Params          151.0K      Env       12ms  25%    value             0.012  │
│  Steps            40.0M    Train       28ms  60%    entropy          -1.145  │
│  SPS               2.4M      Misc       2ms   4%    total             0.043  │
│  Epoch              610      Forwa…    26ms  56%    old_kl            0.009  │
│  Uptime    0d 0h 0m 14s                             kl                0.008  │
│  Remaini…          10ms                             clipfrac          0.513  │
│                                                                              │
│  User Stats                    Value    User Stats                    Value  │
│  perf                          0.962    score                       838.517  │
│  rings_passed                  0.000    ring_collisions               0.000  │
│  collisions                    0.000    oob                           0.013  │
│  timeout                       0.987    episode_return               56.481  │
│  episode_length             1012.842    ema_dist                      0.044  │
│  ema_vel                       0.094    ema_omega                     0.270  │
╰──────────────────────────────────────────────────────────────────────────────╯

[0;0H╭──────────────────────────────────────────────────────────────────────────────╮
│  PufferLib 4.0      🐡           GPU: 81%      VRAM: 0.9/24G      RAM: 0.9G  │
│                                                                              │
│  Summary          Value    Evaluate    18ms  39%    Losses            Value  │
│  Env              drone      GPU        3ms   6%    policy           -0.009  │
│  Params          151.0K      Env       12ms  25%    value             0.012  │
│  Steps            40.0M    Train       28ms  60%    entropy          -1.145  │
│  SPS               2.4M      Misc       2ms   4%    total             0.043  │
│  Epoch              610      Forwa…    26ms  56%    old_kl            0.009  │
│  Uptime    0d 0h 0m 14s                             kl                0.008  │
│  Remaini…          10ms                             clipfrac          0.513  │
│                                                                              │
│  User Stats                    Value    User Stats                    Value  │
│  perf                          0.962    score                       838.575  │
│  rings_passed                  0.000    ring_collisions               0.000  │
│  collisions                    0.000    oob                           0.013  │
│  timeout                       0.987    episode_return               56.484  │
│  episode_length             1012.888    ema_dist                      0.044  │
│  ema_vel                       0.094    ema_omega                     0.270  │
╰──────────────────────────────────────────────────────────────────────────────╯

[0;0H╭──────────────────────────────────────────────────────────────────────────────╮
│  PufferLib 4.0     🐡            GPU: 81%      VRAM: 0.9/24G      RAM: 0.9G  │
│                                                                              │
│  Summary          Value    Evaluate    18ms  39%    Losses            Value  │
│  Env              drone      GPU        3ms   6%    policy           -0.009  │
│  Params          151.0K      Env       12ms  25%    value             0.012  │
│  Steps            40.0M    Train       28ms  60%    entropy          -1.145  │
│  SPS               2.4M      Misc       2ms   4%    total             0.043  │
│  Epoch              610      Forwa…    26ms  56%    old_kl            0.009  │
│  Uptime    0d 0h 0m 14s                             kl                0.008  │
│  Remaini…          10ms                             clipfrac          0.513  │
│                                                                              │
│  User Stats                    Value    User Stats                    Value  │
│  perf                          0.962    score                       838.663  │
│  rings_passed                  0.000    ring_collisions               0.000  │
│  collisions                    0.000    oob                           0.013  │
│  timeout                       0.987    episode_return               56.490  │
│  episode_length             1012.950    ema_dist                      0.044  │
│  ema_vel                       0.093    ema_omega                     0.269  │
╰──────────────────────────────────────────────────────────────────────────────╯

[0;0H╭──────────────────────────────────────────────────────────────────────────────╮
│  PufferLib 4.0    🐡             GPU: 81%      VRAM: 0.9/24G      RAM: 0.9G  │
│                                                                              │
│  Summary          Value    Evaluate    18ms  39%    Losses            Value  │
│  Env              drone      GPU        3ms   6%    policy           -0.009  │
│  Params          151.0K      Env       12ms  25%    value             0.012  │
│  Steps            40.0M    Train       28ms  60%    entropy          -1.145  │
│  SPS               2.4M      Misc       2ms   4%    total             0.043  │
│  Epoch              610      Forwa…    26ms  56%    old_kl            0.009  │
│  Uptime    0d 0h 0m 14s                             kl                0.008  │
│  Remaini…          10ms                             clipfrac          0.513  │
│                                                                              │
│  User Stats                    Value    User Stats                    Value  │
│  perf                          0.962    score                       838.747  │
│  rings_passed                  0.000    ring_collisions               0.000  │
│  collisions                    0.000    oob                           0.013  │
│  timeout                       0.987    episode_return               56.496  │
│  episode_length             1013.018    ema_dist                      0.044  │
│  ema_vel                       0.093    ema_omega                     0.268  │
╰──────────────────────────────────────────────────────────────────────────────╯

[0;0H╭──────────────────────────────────────────────────────────────────────────────╮
│  PufferLib 4.0   🐡              GPU: 81%      VRAM: 0.9/24G      RAM: 0.9G  │
│                                                                              │
│  Summary          Value    Evaluate    18ms  39%    Losses            Value  │
│  Env              drone      GPU        3ms   6%    policy           -0.009  │
│  Params          151.0K      Env       12ms  25%    value             0.012  │
│  Steps            40.0M    Train       28ms  60%    entropy          -1.145  │
│  SPS               2.4M      Misc       2ms   4%    total             0.043  │
│  Epoch              610      Forwa…    26ms  56%    old_kl            0.009  │
│  Uptime    0d 0h 0m 14s                             kl                0.008  │
│  Remaini…          10ms                             clipfrac          0.513  │
│                                                                              │
│  User Stats                    Value    User Stats                    Value  │
│  perf                          0.962    score                       838.863  │
│  rings_passed                  0.000    ring_collisions               0.000  │
│  collisions                    0.000    oob                           0.013  │
│  timeout                       0.987    episode_return               56.502  │
│  episode_length             1013.107    ema_dist                      0.043  │
│  ema_vel                       0.092    ema_omega                     0.267  │
╰──────────────────────────────────────────────────────────────────────────────╯

[0;0H╭──────────────────────────────────────────────────────────────────────────────╮
│  PufferLib 4.0  🐡               GPU: 81%      VRAM: 0.9/24G      RAM: 0.9G  │
│                                                                              │
│  Summary          Value    Evaluate    18ms  39%    Losses            Value  │
│  Env              drone      GPU        3ms   6%    policy           -0.009  │
│  Params          151.0K      Env       12ms  25%    value             0.012  │
│  Steps            40.0M    Train       28ms  60%    entropy          -1.145  │
│  SPS               2.4M      Misc       2ms   4%    total             0.043  │
│  Epoch              610      Forwa…    26ms  56%    old_kl            0.009  │
│  Uptime    0d 0h 0m 14s                             kl                0.008  │
│  Remaini…          10ms                             clipfrac          0.513  │
│                                                                              │
│  User Stats                    Value    User Stats                    Value  │
│  perf                          0.962    score                       838.837  │
│  rings_passed                  0.000    ring_collisions               0.000  │
│  collisions                    0.000    oob                           0.013  │
│  timeout                       0.987    episode_return               56.501  │
│  episode_length             1013.125    ema_dist                      0.043  │
│  ema_vel                       0.092    ema_omega                     0.267  │
╰──────────────────────────────────────────────────────────────────────────────╯

[0;0H╭──────────────────────────────────────────────────────────────────────────────╮
│  PufferLib 4.0 🐡                GPU: 81%      VRAM: 0.9/24G      RAM: 0.9G  │
│                                                                              │
│  Summary          Value    Evaluate    18ms  39%    Losses            Value  │
│  Env              drone      GPU        3ms   6%    policy           -0.009  │
│  Params          151.0K      Env       12ms  25%    value             0.012  │
│  Steps            40.0M    Train       28ms  60%    entropy          -1.145  │
│  SPS               2.4M      Misc       2ms   4%    total             0.043  │
│  Epoch              610      Forwa…    26ms  56%    old_kl            0.009  │
│  Uptime    0d 0h 0m 14s                             kl                0.008  │
│  Remaini…          10ms                             clipfrac          0.513  │
│                                                                              │
│  User Stats                    Value    User Stats                    Value  │
│  perf                          0.962    score                       838.886  │
│  rings_passed                  0.000    ring_collisions               0.000  │
│  collisions                    0.000    oob                           0.013  │
│  timeout                       0.987    episode_return               56.503  │
│  episode_length             1013.156    ema_dist                      0.043  │
│  ema_vel                       0.092    ema_omega                     0.266  │
╰──────────────────────────────────────────────────────────────────────────────╯

[0;0H╭──────────────────────────────────────────────────────────────────────────────╮
│  PufferLib 4.0          🐡       GPU: 81%      VRAM: 0.9/24G      RAM: 0.9G  │
│                                                                              │
│  Summary          Value    Evaluate    18ms  39%    Losses            Value  │
│  Env              drone      GPU        3ms   6%    policy           -0.009  │
│  Params          151.0K      Env       12ms  25%    value             0.012  │
│  Steps            40.0M    Train       28ms  60%    entropy          -1.145  │
│  SPS               2.4M      Misc       2ms   4%    total             0.043  │
│  Epoch              610      Forwa…    26ms  56%    old_kl            0.009  │
│  Uptime    0d 0h 0m 14s                             kl                0.008  │
│  Remaini…          10ms                             clipfrac          0.513  │
│                                                                              │
│  User Stats                    Value    User Stats                    Value  │
│  perf                          0.962    score                       839.122  │
│  rings_passed                  0.000    ring_collisions               0.000  │
│  collisions                    0.000    oob                           0.013  │
│  timeout                       0.987    episode_return               56.519  │
│  episode_length             1013.305    ema_dist                      0.043  │
│  ema_vel                       0.091    ema_omega                     0.264  │
╰──────────────────────────────────────────────────────────────────────────────╯

[0;0H╭──────────────────────────────────────────────────────────────────────────────╮
│  PufferLib 4.0         🐡        GPU: 81%      VRAM: 0.9/24G      RAM: 0.9G  │
│                                                                              │
│  Summary          Value    Evaluate    18ms  39%    Losses            Value  │
│  Env              drone      GPU        3ms   6%    policy           -0.009  │
│  Params          151.0K      Env       12ms  25%    value             0.012  │
│  Steps            40.0M    Train       28ms  60%    entropy          -1.145  │
│  SPS               2.4M      Misc       2ms   4%    total             0.043  │
│  Epoch              610      Forwa…    26ms  56%    old_kl            0.009  │
│  Uptime    0d 0h 0m 14s                             kl                0.008  │
│  Remaini…          10ms                             clipfrac          0.513  │
│                                                                              │
│  User Stats                    Value    User Stats                    Value  │
│  perf                          0.962    score                       839.267  │
│  rings_passed                  0.000    ring_collisions               0.000  │
│  collisions                    0.000    oob                           0.013  │
│  timeout                       0.987    episode_return               56.531  │
│  episode_length             1013.431    ema_dist                      0.042  │
│  ema_vel                       0.090    ema_omega                     0.263  │
╰──────────────────────────────────────────────────────────────────────────────╯

[0;0H╭──────────────────────────────────────────────────────────────────────────────╮
│  PufferLib 4.0        🐡         GPU: 81%      VRAM: 0.9/24G      RAM: 0.9G  │
│                                                                              │
│  Summary          Value    Evaluate    18ms  39%    Losses            Value  │
│  Env              drone      GPU        3ms   6%    policy           -0.009  │
│  Params          151.0K      Env       12ms  25%    value             0.012  │
│  Steps            40.0M    Train       28ms  60%    entropy          -1.145  │
│  SPS               2.4M      Misc       2ms   4%    total             0.043  │
│  Epoch              610      Forwa…    26ms  56%    old_kl            0.009  │
│  Uptime    0d 0h 0m 14s                             kl                0.008  │
│  Remaini…          10ms                             clipfrac          0.513  │
│                                                                              │
│  User Stats                    Value    User Stats                    Value  │
│  perf                          0.962    score                       839.310  │
│  rings_passed                  0.000    ring_collisions               0.000  │
│  collisions                    0.000    oob                           0.013  │
│  timeout                       0.987    episode_return               56.536  │
│  episode_length             1013.463    ema_dist                      0.042  │
│  ema_vel                       0.090    ema_omega                     0.262  │
╰──────────────────────────────────────────────────────────────────────────────╯

[0;0H╭──────────────────────────────────────────────────────────────────────────────╮
│  PufferLib 4.0       🐡          GPU: 81%      VRAM: 0.9/24G      RAM: 0.9G  │
│                                                                              │
│  Summary          Value    Evaluate    18ms  39%    Losses            Value  │
│  Env              drone      GPU        3ms   6%    policy           -0.009  │
│  Params          151.0K      Env       12ms  25%    value             0.012  │
│  Steps            40.0M    Train       28ms  60%    entropy          -1.145  │
│  SPS               2.4M      Misc       2ms   4%    total             0.043  │
│  Epoch              610      Forwa…    26ms  56%    old_kl            0.009  │
│  Uptime    0d 0h 0m 14s                             kl                0.008  │
│  Remaini…          10ms                             clipfrac          0.513  │
│                                                                              │
│  User Stats                    Value    User Stats                    Value  │
│  perf                          0.962    score                       839.255  │
│  rings_passed                  0.000    ring_collisions               0.000  │
│  collisions                    0.000    oob                           0.013  │
│  timeout                       0.987    episode_return               56.534  │
│  episode_length             1013.425    ema_dist                      0.042  │
│  ema_vel                       0.090    ema_omega                     0.263  │
╰──────────────────────────────────────────────────────────────────────────────╯

[0;0H╭──────────────────────────────────────────────────────────────────────────────╮
│  PufferLib 4.0      🐡           GPU: 81%      VRAM: 0.9/24G      RAM: 0.9G  │
│                                                                              │
│  Summary          Value    Evaluate    18ms  39%    Losses            Value  │
│  Env              drone      GPU        3ms   6%    policy           -0.009  │
│  Params          151.0K      Env       12ms  25%    value             0.012  │
│  Steps            40.0M    Train       28ms  60%    entropy          -1.145  │
│  SPS               2.4M      Misc       2ms   4%    total             0.043  │
│  Epoch              610      Forwa…    26ms  56%    old_kl            0.009  │
│  Uptime    0d 0h 0m 14s                             kl                0.008  │
│  Remaini…          10ms                             clipfrac          0.513  │
│                                                                              │
│  User Stats                    Value    User Stats                    Value  │
│  perf                          0.962    score                       839.380  │
│  rings_passed                  0.000    ring_collisions               0.000  │
│  collisions                    0.000    oob                           0.013  │
│  timeout                       0.987    episode_return               56.544  │
│  episode_length             1013.555    ema_dist                      0.042  │
│  ema_vel                       0.089    ema_omega                     0.261  │
╰──────────────────────────────────────────────────────────────────────────────╯

[0;0H╭──────────────────────────────────────────────────────────────────────────────╮
│  PufferLib 4.0     🐡            GPU: 81%      VRAM: 0.9/24G      RAM: 0.9G  │
│                                                                              │
│  Summary          Value    Evaluate    18ms  39%    Losses            Value  │
│  Env              drone      GPU        3ms   6%    policy           -0.009  │
│  Params          151.0K      Env       12ms  25%    value             0.012  │
│  Steps            40.0M    Train       28ms  60%    entropy          -1.145  │
│  SPS               2.4M      Misc       2ms   4%    total             0.043  │
│  Epoch              610      Forwa…    26ms  56%    old_kl            0.009  │
│  Uptime    0d 0h 0m 14s                             kl                0.008  │
│  Remaini…          10ms                             clipfrac          0.513  │
│                                                                              │
│  User Stats                    Value    User Stats                    Value  │
│  perf                          0.963    score                       839.523  │
│  rings_passed                  0.000    ring_collisions               0.000  │
│  collisions                    0.000    oob                           0.012  │
│  timeout                       0.988    episode_return               56.553  │
│  episode_length             1013.681    ema_dist                      0.041  │
│  ema_vel                       0.089    ema_omega                     0.259  │
╰──────────────────────────────────────────────────────────────────────────────╯

[0;0H╭──────────────────────────────────────────────────────────────────────────────╮
│  PufferLib 4.0    🐡             GPU: 81%      VRAM: 0.9/24G      RAM: 0.9G  │
│                                                                              │
│  Summary          Value    Evaluate    18ms  39%    Losses            Value  │
│  Env              drone      GPU        3ms   6%    policy           -0.009  │
│  Params          151.0K      Env       12ms  25%    value             0.012  │
│  Steps            40.0M    Train       28ms  60%    entropy          -1.145  │
│  SPS               2.4M      Misc       2ms   4%    total             0.043  │
│  Epoch              610      Forwa…    26ms  56%    old_kl            0.009  │
│  Uptime    0d 0h 0m 14s                             kl                0.008  │
│  Remaini…          10ms                             clipfrac          0.513  │
│                                                                              │
│  User Stats                    Value    User Stats                    Value  │
│  perf                          0.962    score                       839.446  │
│  rings_passed                  0.000    ring_collisions               0.000  │
│  collisions                    0.000    oob                           0.012  │
│  timeout                       0.988    episode_return               56.548  │
│  episode_length             1013.619    ema_dist                      0.042  │
│  ema_vel                       0.089    ema_omega                     0.260  │
╰──────────────────────────────────────────────────────────────────────────────╯

[0;0H╭──────────────────────────────────────────────────────────────────────────────╮
│  PufferLib 4.0   🐡              GPU: 81%      VRAM: 0.9/24G      RAM: 0.9G  │
│                                                                              │
│  Summary          Value    Evaluate    18ms  39%    Losses            Value  │
│  Env              drone      GPU        3ms   6%    policy           -0.009  │
│  Params          151.0K      Env       12ms  25%    value             0.012  │
│  Steps            40.0M    Train       28ms  60%    entropy          -1.145  │
│  SPS               2.4M      Misc       2ms   4%    total             0.043  │
│  Epoch              610      Forwa…    26ms  56%    old_kl            0.009  │
│  Uptime    0d 0h 0m 14s                             kl                0.008  │
│  Remaini…          10ms                             clipfrac          0.513  │
│                                                                              │
│  User Stats                    Value    User Stats                    Value  │
│  perf                          0.963    score                       839.617  │
│  rings_passed                  0.000    ring_collisions               0.000  │
│  collisions                    0.000    oob                           0.012  │
│  timeout                       0.988    episode_return               56.559  │
│  episode_length             1013.738    ema_dist                      0.041  │
│  ema_vel                       0.088    ema_omega                     0.259  │
╰──────────────────────────────────────────────────────────────────────────────╯

[0;0H╭──────────────────────────────────────────────────────────────────────────────╮
│  PufferLib 4.0  🐡               GPU: 81%      VRAM: 0.9/24G      RAM: 0.9G  │
│                                                                              │
│  Summary          Value    Evaluate    18ms  39%    Losses            Value  │
│  Env              drone      GPU        3ms   6%    policy           -0.009  │
│  Params          151.0K      Env       12ms  25%    value             0.012  │
│  Steps            40.0M    Train       28ms  60%    entropy          -1.145  │
│  SPS               2.4M      Misc       2ms   4%    total             0.043  │
│  Epoch              610      Forwa…    26ms  56%    old_kl            0.009  │
│  Uptime    0d 0h 0m 14s                             kl                0.008  │
│  Remaini…          10ms                             clipfrac          0.513  │
│                                                                              │
│  User Stats                    Value    User Stats                    Value  │
│  perf                          0.962    score                       839.307  │
│  rings_passed                  0.000    ring_collisions               0.000  │
│  collisions                    0.000    oob                           0.013  │
│  timeout                       0.987    episode_return               56.538  │
│  episode_length             1013.493    ema_dist                      0.042  │
│  ema_vel                       0.090    ema_omega                     0.262  │
╰──────────────────────────────────────────────────────────────────────────────╯

[0;0H╭──────────────────────────────────────────────────────────────────────────────╮
│  PufferLib 4.0 🐡                GPU: 81%      VRAM: 0.9/24G      RAM: 0.9G  │
│                                                                              │
│  Summary          Value    Evaluate    18ms  39%    Losses            Value  │
│  Env              drone      GPU        3ms   6%    policy           -0.009  │
│  Params          151.0K      Env       12ms  25%    value             0.012  │
│  Steps            40.0M    Train       28ms  60%    entropy          -1.145  │
│  SPS               2.4M      Misc       2ms   4%    total             0.043  │
│  Epoch              610      Forwa…    26ms  56%    old_kl            0.009  │
│  Uptime    0d 0h 0m 14s                             kl                0.008  │
│  Remaini…          10ms                             clipfrac          0.513  │
│                                                                              │
│  User Stats                    Value    User Stats                    Value  │
│  perf                          0.962    score                       839.322  │
│  rings_passed                  0.000    ring_collisions               0.000  │
│  collisions                    0.000    oob                           0.013  │
│  timeout                       0.987    episode_return               56.539  │
│  episode_length             1013.493    ema_dist                      0.042  │
│  ema_vel                       0.090    ema_omega                     0.262  │
╰──────────────────────────────────────────────────────────────────────────────╯

[0;0H╭──────────────────────────────────────────────────────────────────────────────╮
│  PufferLib 4.0          🐡       GPU: 81%      VRAM: 0.9/24G      RAM: 0.9G  │
│                                                                              │
│  Summary          Value    Evaluate    18ms  39%    Losses            Value  │
│  Env              drone      GPU        3ms   6%    policy           -0.009  │
│  Params          151.0K      Env       12ms  25%    value             0.012  │
│  Steps            40.0M    Train       28ms  60%    entropy          -1.145  │
│  SPS               2.4M      Misc       2ms   4%    total             0.043  │
│  Epoch              610      Forwa…    26ms  56%    old_kl            0.009  │
│  Uptime    0d 0h 0m 14s                             kl                0.008  │
│  Remaini…          10ms                             clipfrac          0.513  │
│                                                                              │
│  User Stats                    Value    User Stats                    Value  │
│  perf                          0.962    score                       839.389  │
│  rings_passed                  0.000    ring_collisions               0.000  │
│  collisions                    0.000    oob                           0.013  │
│  timeout                       0.987    episode_return               56.544  │
│  episode_length             1013.550    ema_dist                      0.042  │
│  ema_vel                       0.090    ema_omega                     0.261  │
╰──────────────────────────────────────────────────────────────────────────────╯

[0;0H╭──────────────────────────────────────────────────────────────────────────────╮
│  PufferLib 4.0         🐡        GPU: 81%      VRAM: 0.9/24G      RAM: 0.9G  │
│                                                                              │
│  Summary          Value    Evaluate    18ms  39%    Losses            Value  │
│  Env              drone      GPU        3ms   6%    policy           -0.009  │
│  Params          151.0K      Env       12ms  25%    value             0.012  │
│  Steps            40.0M    Train       28ms  60%    entropy          -1.145  │
│  SPS               2.4M      Misc       2ms   4%    total             0.043  │
│  Epoch              610      Forwa…    26ms  56%    old_kl            0.009  │
│  Uptime    0d 0h 0m 14s                             kl                0.008  │
│  Remaini…          10ms                             clipfrac          0.513  │
│                                                                              │
│  User Stats                    Value    User Stats                    Value  │
│  perf                          0.962    score                       839.477  │
│  rings_passed                  0.000    ring_collisions               0.000  │
│  collisions                    0.000    oob                           0.012  │
│  timeout                       0.988    episode_return               56.551  │
│  episode_length             1013.626    ema_dist                      0.041  │
│  ema_vel                       0.089    ema_omega                     0.260  │
╰──────────────────────────────────────────────────────────────────────────────╯

[0;0H╭──────────────────────────────────────────────────────────────────────────────╮
│  PufferLib 4.0        🐡         GPU: 81%      VRAM: 0.9/24G      RAM: 0.9G  │
│                                                                              │
│  Summary          Value    Evaluate    18ms  39%    Losses            Value  │
│  Env              drone      GPU        3ms   6%    policy           -0.009  │
│  Params          151.0K      Env       12ms  25%    value             0.012  │
│  Steps            40.0M    Train       28ms  60%    entropy          -1.145  │
│  SPS               2.4M      Misc       2ms   4%    total             0.043  │
│  Epoch              610      Forwa…    26ms  56%    old_kl            0.009  │
│  Uptime    0d 0h 0m 14s                             kl                0.008  │
│  Remaini…          10ms                             clipfrac          0.513  │
│                                                                              │
│  User Stats                    Value    User Stats                    Value  │
│  perf                          0.962    score                       839.450  │
│  rings_passed                  0.000    ring_collisions               0.000  │
│  collisions                    0.000    oob                           0.012  │
│  timeout                       0.988    episode_return               56.549  │
│  episode_length             1013.617    ema_dist                      0.041  │
│  ema_vel                       0.089    ema_omega                     0.259  │
╰──────────────────────────────────────────────────────────────────────────────╯

[0;0H╭──────────────────────────────────────────────────────────────────────────────╮
│  PufferLib 4.0       🐡          GPU: 81%      VRAM: 0.9/24G      RAM: 0.9G  │
│                                                                              │
│  Summary          Value    Evaluate    18ms  39%    Losses            Value  │
│  Env              drone      GPU        3ms   6%    policy           -0.009  │
│  Params          151.0K      Env       12ms  25%    value             0.012  │
│  Steps            40.0M    Train       28ms  60%    entropy          -1.145  │
│  SPS               2.4M      Misc       2ms   4%    total             0.043  │
│  Epoch              610      Forwa…    26ms  56%    old_kl            0.009  │
│  Uptime    0d 0h 0m 14s                             kl                0.008  │
│  Remaini…          10ms                             clipfrac          0.513  │
│                                                                              │
│  User Stats                    Value    User Stats                    Value  │
│  perf                          0.962    score                       839.450  │
│  rings_passed                  0.000    ring_collisions               0.000  │
│  collisions                    0.000    oob                           0.012  │
│  timeout                       0.988    episode_return               56.549  │
│  episode_length             1013.617    ema_dist                      0.041  │
│  ema_vel                       0.089    ema_omega                     0.259  │
╰──────────────────────────────────────────────────────────────────────────────╯

Detected continuous action space with 4 dimensions
Num workers: 1
Num workers: 1
Num workers: 1
Num workers: 1
Num workers: 1
Num workers: 1
Num workers: 1
Num workers: 1

== training finished ==
Checkpoints: checkpoints/drone/<run_id>/
Record the final dashboard frame (hover_score, hover_ema, ema_dist,
ema_vel, ema_omega, episode_return, episode_length, total steps,
wall-clock, steady-state SPS) and report them back to capture the
Stage 1 baseline. Copy the latest checkpoint off the pod before
terminating it (pod disk is ephemeral).
finished: Sun May 17 10:55:47 UTC 2026
checkpoints/drone/1779015330380/0000000000065536.bin 604176 bytes
checkpoints/drone/1779015330380/0000000013172736.bin 604176 bytes
checkpoints/drone/1779015330380/0000000026279936.bin 604176 bytes
checkpoints/drone/1779015330380/0000000039387136.bin 604176 bytes
checkpoints/drone/1779015330380/0000000039976960.bin 604176 bytes
